Accession	Length	Family	species	Genus	Host_range_isolates	Host_range_taxon	Database
SRR5946827_119_25372_round347~417703	NA	NA	NA	NA	NA	NA	mMGE
uvig_332538	81521	NA	NA	NA	GCA_003473265,GCF_000162195,GCA_003465695,GCA_003458385,GCA_003438235,GCF_000158515,GCA_003437415,GCA_003438705,GCA_003435895,GCF_000186105,GCA_003463345,GCA_003470745,GCA_003471775	Bacteroidota/Bacteroidia/Bacteroidales/Bacteroidaceae/Bacteroides_B/Bacteroides_B vulgatus,Bacteroidota/Bacteroidia/Bacteroidales/Bacteroidaceae/Bacteroides_B/Bacteroides_B dorei,Bacteroidota/Bacteroidia/Bacteroidales/Bacteroidaceae/Bacteroides_B/Bacteroides_B vulgatus,Bacteroidota/Bacteroidia/Bacteroidales/Bacteroidaceae/Bacteroides_B/Bacteroides_B vulgatus,Bacteroidota/Bacteroidia/Bacteroidales/Bacteroidaceae/Bacteroides_B/Bacteroides_B vulgatus,Bacteroidota/Bacteroidia/Bacteroidales/Bacteroidaceae/Bacteroides_B/Bacteroides_B vulgatus,Bacteroidota/Bacteroidia/Bacteroidales/Bacteroidaceae/Bacteroides_B/Bacteroides_B vulgatus,Bacteroidota/Bacteroidia/Bacteroidales/Bacteroidaceae/Bacteroides_B/Bacteroides_B vulgatus,Bacteroidota/Bacteroidia/Bacteroidales/Bacteroidaceae/Bacteroides_B/Bacteroides_B massiliensis,Bacteroidota/Bacteroidia/Bacteroidales/Bacteroidaceae/Bacteroides_B/Bacteroides_B vulgatus,Bacteroidota/Bacteroidia/Bacteroidales/Bacteroidaceae/Bacteroides_B/Bacteroides_B dorei,Bacteroidota/Bacteroidia/Bacteroidales/Bacteroidaceae/Bacteroides_B/Bacteroides_B vulgatus,Bacteroidota/Bacteroidia/Bacteroidales/Bacteroidaceae/Bacteroides_B/Bacteroides_B vulgatus	GPD
k141_31199_round347~1447984	NA	NA	NA	NA	NA	NA	mMGE
uvig_74311	140912	NA	NA	NA	GCA_003439595,GCA_003439605,GCA_003458385,18048_2#68,GCA_003467095,18048_1#68,GCA_003437415,GCA_003470745,GCA_003473265,GCA_003467565	Bacteroidota/Bacteroidia/Bacteroidales/Bacteroidaceae/Bacteroides_B/Bacteroides_B vulgatus,Bacteroidota/Bacteroidia/Bacteroidales/Bacteroidaceae/Bacteroides_B/Bacteroides_B vulgatus,Bacteroidota/Bacteroidia/Bacteroidales/Bacteroidaceae/Bacteroides_B/Bacteroides_B vulgatus,Bacteroidota/Bacteroidia/Bacteroidales/Bacteroidaceae/Bacteroides_B/Bacteroides_B vulgatus,Bacteroidota/Bacteroidia/Bacteroidales/Bacteroidaceae/Bacteroides_B/Bacteroides_B vulgatus,Bacteroidota/Bacteroidia/Bacteroidales/Bacteroidaceae/Bacteroides_B/Bacteroides_B vulgatus,Bacteroidota/Bacteroidia/Bacteroidales/Bacteroidaceae/Bacteroides_B/Bacteroides_B vulgatus,Bacteroidota/Bacteroidia/Bacteroidales/Bacteroidaceae/Bacteroides_B/Bacteroides_B vulgatus,Bacteroidota/Bacteroidia/Bacteroidales/Bacteroidaceae/Bacteroides_B/Bacteroides_B vulgatus,Bacteroidota/Bacteroidia/Bacteroidales/Bacteroidaceae/Bacteroides_B/Bacteroides_B vulgatus	GPD
uvig_283189	93319	NA	NA	NA	GCA_003459715,GCF_000162195,GCA_003465695,GCA_003471285,GCA_003463745,GCA_003438235,18048_2#68,18048_1#68,GCA_003471225,GCA_003475135,GCA_003438705,GCA_003473265	Bacteroidota/Bacteroidia/Bacteroidales/Bacteroidaceae/Bacteroides_B/Bacteroides_B vulgatus,Bacteroidota/Bacteroidia/Bacteroidales/Bacteroidaceae/Bacteroides_B/Bacteroides_B dorei,Bacteroidota/Bacteroidia/Bacteroidales/Bacteroidaceae/Bacteroides_B/Bacteroides_B vulgatus,Bacteroidota/Bacteroidia/Bacteroidales/Bacteroidaceae/Bacteroides_B/Bacteroides_B vulgatus,Bacteroidota/Bacteroidia/Bacteroidales/Bacteroidaceae/Bacteroides_B/Bacteroides_B vulgatus,Bacteroidota/Bacteroidia/Bacteroidales/Bacteroidaceae/Bacteroides_B/Bacteroides_B vulgatus,Bacteroidota/Bacteroidia/Bacteroidales/Bacteroidaceae/Bacteroides_B/Bacteroides_B vulgatus,Bacteroidota/Bacteroidia/Bacteroidales/Bacteroidaceae/Bacteroides_B/Bacteroides_B vulgatus,Bacteroidota/Bacteroidia/Bacteroidales/Bacteroidaceae/Bacteroides_B/Bacteroides_B vulgatus,Bacteroidota/Bacteroidia/Bacteroidales/Bacteroidaceae/Bacteroides_B/Bacteroides_B vulgatus,Bacteroidota/Bacteroidia/Bacteroidales/Bacteroidaceae/Bacteroides_B/Bacteroides_B vulgatus,Bacteroidota/Bacteroidia/Bacteroidales/Bacteroidaceae/Bacteroides_B/Bacteroides_B vulgatus	GPD
uvig_581390	37065	NA	NA	NA	GCA_003459715,GCA_003438645,GCA_003603775,GCA_003437875,GCA_003458385,GCA_003471285,GCA_003603635,GCF_000158515,GCA_003475695,GCA_003466785,GCA_003468345,GCA_003471705,GCA_003469225,GCA_003471225,GCA_003468485,GCF_000186105,GCA_003473265,GCA_003469525	Bacteroidota/Bacteroidia/Bacteroidales/Bacteroidaceae/Bacteroides_B/Bacteroides_B vulgatus,Bacteroidota/Bacteroidia/Bacteroidales/Bacteroidaceae/Bacteroides_B/Bacteroides_B vulgatus,Bacteroidota/Bacteroidia/Bacteroidales/Bacteroidaceae/Bacteroides_B/Bacteroides_B vulgatus,Bacteroidota/Bacteroidia/Bacteroidales/Bacteroidaceae/Bacteroides_B/Bacteroides_B vulgatus,Bacteroidota/Bacteroidia/Bacteroidales/Bacteroidaceae/Bacteroides_B/Bacteroides_B vulgatus,Bacteroidota/Bacteroidia/Bacteroidales/Bacteroidaceae/Bacteroides_B/Bacteroides_B vulgatus,Bacteroidota/Bacteroidia/Bacteroidales/Bacteroidaceae/Bacteroides_B/Bacteroides_B vulgatus,Bacteroidota/Bacteroidia/Bacteroidales/Bacteroidaceae/Bacteroides_B/Bacteroides_B vulgatus,Bacteroidota/Bacteroidia/Bacteroidales/Bacteroidaceae/Bacteroides_B/Bacteroides_B vulgatus,Bacteroidota/Bacteroidia/Bacteroidales/Bacteroidaceae/Bacteroides_B/Bacteroides_B vulgatus,Bacteroidota/Bacteroidia/Bacteroidales/Bacteroidaceae/Bacteroides_B/Bacteroides_B vulgatus,Bacteroidota/Bacteroidia/Bacteroidales/Bacteroidaceae/Bacteroides_B/Bacteroides_B vulgatus,Bacteroidota/Bacteroidia/Bacteroidales/Bacteroidaceae/Bacteroides_B/Bacteroides_B vulgatus,Bacteroidota/Bacteroidia/Bacteroidales/Bacteroidaceae/Bacteroides_B/Bacteroides_B vulgatus,Bacteroidota/Bacteroidia/Bacteroidales/Bacteroidaceae/Bacteroides_B/Bacteroides_B vulgatus,Bacteroidota/Bacteroidia/Bacteroidales/Bacteroidaceae/Bacteroides_B/Bacteroides_B vulgatus,Bacteroidota/Bacteroidia/Bacteroidales/Bacteroidaceae/Bacteroides_B/Bacteroides_B vulgatus,Bacteroidota/Bacteroidia/Bacteroidales/Bacteroidaceae/Bacteroides_B/Bacteroides_B vulgatus	GPD
SRR10479828_141_3643_round347~482257	NA	NA	NA	NA	NA	NA	mMGE
ERR1190569_119_168944_round8-12~3155209	NA	NA	NA	NA	NA	NA	mMGE
SRR9161489_141_1891_round8-12~4547158							
uvig_439693	120569	NA	NA	NA	GCA_003472185,GCA_003435895,GCA_003475305	Bacteroidota/Bacteroidia/Bacteroidales/Tannerellaceae/Parabacteroides/Parabacteroides merdae,Bacteroidota/Bacteroidia/Bacteroidales/Bacteroidaceae/Bacteroides_B/Bacteroides_B massiliensis,Bacteroidota/Bacteroidia/Bacteroidales/Tannerellaceae/Parabacteroides/Parabacteroides merdae	GPD
uvig_574526	46297	NA	NA	NA	GCA_003458265,18048_1#68,GCA_003471225,GCA_003468485,GCA_003437415,GCA_003470745,GCA_003459715,GCA_003438645,GCA_003437875,GCA_003471285,GCA_003469225,GCF_000186105,GCA_003463885,GCA_003467565,GCA_003471775,GCA_003603775,GCA_003458385,GCA_003603635,GCA_003463745,18048_2#68,GCA_003466785,GCA_003471705,GCF_000158515,GCA_003438705,GCA_003469525,GCA_003434615,GCA_003438235,GCA_003465765,GCA_003467095,GCA_003468345,GCA_003475695,GCA_003473265	Bacteroidota/Bacteroidia/Bacteroidales/Bacteroidaceae/Bacteroides_B/Bacteroides_B vulgatus,Bacteroidota/Bacteroidia/Bacteroidales/Bacteroidaceae/Bacteroides_B/Bacteroides_B vulgatus,Bacteroidota/Bacteroidia/Bacteroidales/Bacteroidaceae/Bacteroides_B/Bacteroides_B vulgatus,Bacteroidota/Bacteroidia/Bacteroidales/Bacteroidaceae/Bacteroides_B/Bacteroides_B vulgatus,Bacteroidota/Bacteroidia/Bacteroidales/Bacteroidaceae/Bacteroides_B/Bacteroides_B vulgatus,Bacteroidota/Bacteroidia/Bacteroidales/Bacteroidaceae/Bacteroides_B/Bacteroides_B vulgatus,Bacteroidota/Bacteroidia/Bacteroidales/Bacteroidaceae/Bacteroides_B/Bacteroides_B vulgatus,Bacteroidota/Bacteroidia/Bacteroidales/Bacteroidaceae/Bacteroides_B/Bacteroides_B vulgatus,Bacteroidota/Bacteroidia/Bacteroidales/Bacteroidaceae/Bacteroides_B/Bacteroides_B vulgatus,Bacteroidota/Bacteroidia/Bacteroidales/Bacteroidaceae/Bacteroides_B/Bacteroides_B vulgatus,Bacteroidota/Bacteroidia/Bacteroidales/Bacteroidaceae/Bacteroides_B/Bacteroides_B vulgatus,Bacteroidota/Bacteroidia/Bacteroidales/Bacteroidaceae/Bacteroides_B/Bacteroides_B vulgatus,Bacteroidota/Bacteroidia/Bacteroidales/Bacteroidaceae/Bacteroides_B/Bacteroides_B vulgatus,Bacteroidota/Bacteroidia/Bacteroidales/Bacteroidaceae/Bacteroides_B/Bacteroides_B vulgatus,Bacteroidota/Bacteroidia/Bacteroidales/Bacteroidaceae/Bacteroides_B/Bacteroides_B vulgatus,Bacteroidota/Bacteroidia/Bacteroidales/Bacteroidaceae/Bacteroides_B/Bacteroides_B vulgatus,Bacteroidota/Bacteroidia/Bacteroidales/Bacteroidaceae/Bacteroides_B/Bacteroides_B vulgatus,Bacteroidota/Bacteroidia/Bacteroidales/Bacteroidaceae/Bacteroides_B/Bacteroides_B vulgatus,Bacteroidota/Bacteroidia/Bacteroidales/Bacteroidaceae/Bacteroides_B/Bacteroides_B vulgatus,Bacteroidota/Bacteroidia/Bacteroidales/Bacteroidaceae/Bacteroides_B/Bacteroides_B vulgatus,Bacteroidota/Bacteroidia/Bacteroidales/Bacteroidaceae/Bacteroides_B/Bacteroides_B vulgatus,Bacteroidota/Bacteroidia/Bacteroidales/Bacteroidaceae/Bacteroides_B/Bacteroides_B vulgatus,Bacteroidota/Bacteroidia/Bacteroidales/Bacteroidaceae/Bacteroides_B/Bacteroides_B vulgatus,Bacteroidota/Bacteroidia/Bacteroidales/Bacteroidaceae/Bacteroides_B/Bacteroides_B vulgatus,Bacteroidota/Bacteroidia/Bacteroidales/Bacteroidaceae/Bacteroides_B/Bacteroides_B vulgatus,Bacteroidota/Bacteroidia/Bacteroidales/Bacteroidaceae/Bacteroides_B/Bacteroides_B dorei,Bacteroidota/Bacteroidia/Bacteroidales/Bacteroidaceae/Bacteroides_B/Bacteroides_B vulgatus,Bacteroidota/Bacteroidia/Bacteroidales/Bacteroidaceae/Bacteroides_B/Bacteroides_B vulgatus,Bacteroidota/Bacteroidia/Bacteroidales/Bacteroidaceae/Bacteroides_B/Bacteroides_B vulgatus,Bacteroidota/Bacteroidia/Bacteroidales/Bacteroidaceae/Bacteroides_B/Bacteroides_B vulgatus,Bacteroidota/Bacteroidia/Bacteroidales/Bacteroidaceae/Bacteroides_B/Bacteroides_B vulgatus,Bacteroidota/Bacteroidia/Bacteroidales/Bacteroidaceae/Bacteroides_B/Bacteroides_B vulgatus	GPD
SRR8506055_141_145174_round8-12~2680762	NA	NA	NA	NA	NA	NA	mMGE
ERR720021_119_69965_round347~2842404	NA	NA	NA	NA	NA	NA	mMGE
uvig_500159	44045	NA	NA	NA	GCA_003439595,GCA_003439605,GCA_003465765,GCA_003467095,GCA_003471705,GCF_000158515,GCA_003470745,GCA_003463885,GCA_003467565	Bacteroidota/Bacteroidia/Bacteroidales/Bacteroidaceae/Bacteroides_B/Bacteroides_B vulgatus,Bacteroidota/Bacteroidia/Bacteroidales/Bacteroidaceae/Bacteroides_B/Bacteroides_B vulgatus,Bacteroidota/Bacteroidia/Bacteroidales/Bacteroidaceae/Bacteroides_B/Bacteroides_B vulgatus,Bacteroidota/Bacteroidia/Bacteroidales/Bacteroidaceae/Bacteroides_B/Bacteroides_B vulgatus,Bacteroidota/Bacteroidia/Bacteroidales/Bacteroidaceae/Bacteroides_B/Bacteroides_B vulgatus,Bacteroidota/Bacteroidia/Bacteroidales/Bacteroidaceae/Bacteroides_B/Bacteroides_B vulgatus,Bacteroidota/Bacteroidia/Bacteroidales/Bacteroidaceae/Bacteroides_B/Bacteroides_B vulgatus,Bacteroidota/Bacteroidia/Bacteroidales/Bacteroidaceae/Bacteroides_B/Bacteroides_B vulgatus,Bacteroidota/Bacteroidia/Bacteroidales/Bacteroidaceae/Bacteroides_B/Bacteroides_B vulgatus	GPD
SRR5831596_141_170117_round347~1879393	NA	NA	NA	NA	NA	NA	mMGE
uvig_6614	92842	NA	NA	NA	GCA_003459715,GCA_003438645,GCA_003437875,GCA_003458385,GCA_003603635,GCF_000158515,GCA_003465765,GCA_003466785,GCA_003468485,14207_7#67,GCA_003470745,GCA_003475695	Bacteroidota/Bacteroidia/Bacteroidales/Bacteroidaceae/Bacteroides_B/Bacteroides_B vulgatus,Bacteroidota/Bacteroidia/Bacteroidales/Bacteroidaceae/Bacteroides_B/Bacteroides_B vulgatus,Bacteroidota/Bacteroidia/Bacteroidales/Bacteroidaceae/Bacteroides_B/Bacteroides_B vulgatus,Bacteroidota/Bacteroidia/Bacteroidales/Bacteroidaceae/Bacteroides_B/Bacteroides_B vulgatus,Bacteroidota/Bacteroidia/Bacteroidales/Bacteroidaceae/Bacteroides_B/Bacteroides_B vulgatus,Bacteroidota/Bacteroidia/Bacteroidales/Bacteroidaceae/Bacteroides_B/Bacteroides_B vulgatus,Bacteroidota/Bacteroidia/Bacteroidales/Bacteroidaceae/Bacteroides_B/Bacteroides_B vulgatus,Bacteroidota/Bacteroidia/Bacteroidales/Bacteroidaceae/Bacteroides_B/Bacteroides_B vulgatus,Bacteroidota/Bacteroidia/Bacteroidales/Bacteroidaceae/Bacteroides_B/Bacteroides_B vulgatus,Bacteroidota/Bacteroidia/Bacteroidales/Bacteroidaceae/Bacteroides_B/Bacteroides_B vulgatus,Bacteroidota/Bacteroidia/Bacteroidales/Bacteroidaceae/Bacteroides_B/Bacteroides_B vulgatus,Bacteroidota/Bacteroidia/Bacteroidales/Bacteroidaceae/Bacteroides_B/Bacteroides_B vulgatus	GPD
uvig_225858	44894	NA	NA	NA	GCA_003439595,GCA_003439605,20287_6#85,GCA_003465695,GCF_000162195,GCA_003467095,GCA_003467565,GCA_003470745,20287_6#82,21673_4#79,GCA_003463345,GCA_003463885,21673_4#11,21673_4#15	Bacteroidota/Bacteroidia/Bacteroidales/Bacteroidaceae/Bacteroides_B/Bacteroides_B vulgatus,Bacteroidota/Bacteroidia/Bacteroidales/Bacteroidaceae/Bacteroides_B/Bacteroides_B vulgatus,Bacteroidota/Bacteroidia/Bacteroidales/Bacteroidaceae/Bacteroides_B/Bacteroides_B vulgatus,Bacteroidota/Bacteroidia/Bacteroidales/Bacteroidaceae/Bacteroides_B/Bacteroides_B vulgatus,Bacteroidota/Bacteroidia/Bacteroidales/Bacteroidaceae/Bacteroides_B/Bacteroides_B dorei,Bacteroidota/Bacteroidia/Bacteroidales/Bacteroidaceae/Bacteroides_B/Bacteroides_B vulgatus,Bacteroidota/Bacteroidia/Bacteroidales/Bacteroidaceae/Bacteroides_B/Bacteroides_B vulgatus,Bacteroidota/Bacteroidia/Bacteroidales/Bacteroidaceae/Bacteroides_B/Bacteroides_B vulgatus,Bacteroidota/Bacteroidia/Bacteroidales/Bacteroidaceae/Bacteroides_B/Bacteroides_B vulgatus,Bacteroidota/Bacteroidia/Bacteroidales/Bacteroidaceae/Bacteroides_B/Bacteroides_B vulgatus,Bacteroidota/Bacteroidia/Bacteroidales/Bacteroidaceae/Bacteroides_B/Bacteroides_B dorei,Bacteroidota/Bacteroidia/Bacteroidales/Bacteroidaceae/Bacteroides_B/Bacteroides_B vulgatus,Bacteroidota/Bacteroidia/Bacteroidales/Bacteroidaceae/Bacteroides_B/Bacteroides_B vulgatus,Bacteroidota/Bacteroidia/Bacteroidales/Bacteroidaceae/Bacteroides_B/Bacteroides_B vulgatus	GPD
k141_85313_round13~7047272	NA	NA	NA	NA	NA	NA	mMGE
uvig_448394	74992	NA	NA	NA	GCA_003458265,GCF_000162195,GCF_000158515,GCA_003467095,GCF_000157075,GCA_003475135,GCF_000186105,GCA_003473265	Bacteroidota/Bacteroidia/Bacteroidales/Bacteroidaceae/Bacteroides_B/Bacteroides_B vulgatus,Bacteroidota/Bacteroidia/Bacteroidales/Bacteroidaceae/Bacteroides_B/Bacteroides_B dorei,Bacteroidota/Bacteroidia/Bacteroidales/Bacteroidaceae/Bacteroides_B/Bacteroides_B vulgatus,Bacteroidota/Bacteroidia/Bacteroidales/Bacteroidaceae/Bacteroides_B/Bacteroides_B vulgatus,Bacteroidota/Bacteroidia/Bacteroidales/Bacteroidaceae/Bacteroides_B/Bacteroides_B dorei,Bacteroidota/Bacteroidia/Bacteroidales/Bacteroidaceae/Bacteroides_B/Bacteroides_B vulgatus,Bacteroidota/Bacteroidia/Bacteroidales/Bacteroidaceae/Bacteroides_B/Bacteroides_B vulgatus,Bacteroidota/Bacteroidia/Bacteroidales/Bacteroidaceae/Bacteroides_B/Bacteroides_B vulgatus	GPD
SRR8490388_141_69865_round8-12~3596092	NA	NA	NA	NA	NA	NA	mMGE
uvig_575849	44757	NA	NA	NA	GCA_003435895	Bacteroidota/Bacteroidia/Bacteroidales/Bacteroidaceae/Bacteroides_B/Bacteroides_B massiliensis	GPD
uvig_458374	61985	NA	NA	NA	GCF_000162135,12718_7#61,GCA_003464475	Bacteroidota/Bacteroidia/Bacteroidales/Bacteroidaceae/Bacteroides/Bacteroides fragilis,Bacteroidota/Bacteroidia/Bacteroidales/Tannerellaceae/Parabacteroides/Parabacteroides distasonis,Bacteroidota/Bacteroidia/Bacteroidales/Tannerellaceae/Parabacteroides/Parabacteroides distasonis	GPD
k141_9217_round1256~3374945	NA	NA	NA	NA	NA	NA	mMGE
k141_672_round8-12~2958905	NA	NA	NA	NA	NA	NA	mMGE
k141_55262_round13~5960014							
uvig_380966	36102	NA	NA	NA	GCA_003458265,20287_6#85,GCF_000162195,GCA_003437875,21673_4#79,GCA_003458385,GCA_003463745,GCA_003471285,18048_2#68,GCA_003468345,18048_1#68,GCA_003471705,20287_6#82,GCA_003469225,GCA_003471225,GCF_000158515,14207_7#67,GCF_000186105,21673_4#11,21673_4#15	Bacteroidota/Bacteroidia/Bacteroidales/Bacteroidaceae/Bacteroides_B/Bacteroides_B vulgatus,Bacteroidota/Bacteroidia/Bacteroidales/Bacteroidaceae/Bacteroides_B/Bacteroides_B vulgatus,Bacteroidota/Bacteroidia/Bacteroidales/Bacteroidaceae/Bacteroides_B/Bacteroides_B dorei,Bacteroidota/Bacteroidia/Bacteroidales/Bacteroidaceae/Bacteroides_B/Bacteroides_B vulgatus,Bacteroidota/Bacteroidia/Bacteroidales/Bacteroidaceae/Bacteroides_B/Bacteroides_B vulgatus,Bacteroidota/Bacteroidia/Bacteroidales/Bacteroidaceae/Bacteroides_B/Bacteroides_B vulgatus,Bacteroidota/Bacteroidia/Bacteroidales/Bacteroidaceae/Bacteroides_B/Bacteroides_B vulgatus,Bacteroidota/Bacteroidia/Bacteroidales/Bacteroidaceae/Bacteroides_B/Bacteroides_B vulgatus,Bacteroidota/Bacteroidia/Bacteroidales/Bacteroidaceae/Bacteroides_B/Bacteroides_B vulgatus,Bacteroidota/Bacteroidia/Bacteroidales/Bacteroidaceae/Bacteroides_B/Bacteroides_B vulgatus,Bacteroidota/Bacteroidia/Bacteroidales/Bacteroidaceae/Bacteroides_B/Bacteroides_B vulgatus,Bacteroidota/Bacteroidia/Bacteroidales/Bacteroidaceae/Bacteroides_B/Bacteroides_B vulgatus,Bacteroidota/Bacteroidia/Bacteroidales/Bacteroidaceae/Bacteroides_B/Bacteroides_B vulgatus,Bacteroidota/Bacteroidia/Bacteroidales/Bacteroidaceae/Bacteroides_B/Bacteroides_B vulgatus,Bacteroidota/Bacteroidia/Bacteroidales/Bacteroidaceae/Bacteroides_B/Bacteroides_B vulgatus,Bacteroidota/Bacteroidia/Bacteroidales/Bacteroidaceae/Bacteroides_B/Bacteroides_B vulgatus,Bacteroidota/Bacteroidia/Bacteroidales/Bacteroidaceae/Bacteroides_B/Bacteroides_B vulgatus,Bacteroidota/Bacteroidia/Bacteroidales/Bacteroidaceae/Bacteroides_B/Bacteroides_B vulgatus,Bacteroidota/Bacteroidia/Bacteroidales/Bacteroidaceae/Bacteroides_B/Bacteroides_B vulgatus,Bacteroidota/Bacteroidia/Bacteroidales/Bacteroidaceae/Bacteroides_B/Bacteroides_B vulgatus	GPD
uvig_236471	100052	NA	NA	NA	NA	NA	GPD
k141_163740_round13~9310844	NA	NA	NA	NA	NA	NA	mMGE
ERR2855956_141_123691_round1256~597637	NA	NA	NA	NA	NA	NA	mMGE
uvig_337562	62036	NA	NA	NA	GCA_003459715,GCA_003438645,GCA_003603635,GCF_000158515,GCA_003463745,GCA_003475695,GCA_003467095,GCA_003466785,GCA_003468485,GCF_000186105,GCA_003473265	Bacteroidota/Bacteroidia/Bacteroidales/Bacteroidaceae/Bacteroides_B/Bacteroides_B vulgatus,Bacteroidota/Bacteroidia/Bacteroidales/Bacteroidaceae/Bacteroides_B/Bacteroides_B vulgatus,Bacteroidota/Bacteroidia/Bacteroidales/Bacteroidaceae/Bacteroides_B/Bacteroides_B vulgatus,Bacteroidota/Bacteroidia/Bacteroidales/Bacteroidaceae/Bacteroides_B/Bacteroides_B vulgatus,Bacteroidota/Bacteroidia/Bacteroidales/Bacteroidaceae/Bacteroides_B/Bacteroides_B vulgatus,Bacteroidota/Bacteroidia/Bacteroidales/Bacteroidaceae/Bacteroides_B/Bacteroides_B vulgatus,Bacteroidota/Bacteroidia/Bacteroidales/Bacteroidaceae/Bacteroides_B/Bacteroides_B vulgatus,Bacteroidota/Bacteroidia/Bacteroidales/Bacteroidaceae/Bacteroides_B/Bacteroides_B vulgatus,Bacteroidota/Bacteroidia/Bacteroidales/Bacteroidaceae/Bacteroides_B/Bacteroides_B vulgatus,Bacteroidota/Bacteroidia/Bacteroidales/Bacteroidaceae/Bacteroides_B/Bacteroides_B vulgatus,Bacteroidota/Bacteroidia/Bacteroidales/Bacteroidaceae/Bacteroides_B/Bacteroides_B vulgatus	GPD
k119_8192_round8-12~4679168	NA	NA	NA	NA	NA	NA	mMGE
k141_25142_round13~328484	NA	NA	NA	NA	NA	NA	mMGE
SRR5279310_119_55417_round347~3244610	NA	NA	NA	NA	NA	NA	mMGE
uvig_26549	100432	NA	NA	NA	GCA_003437415,GCF_000157075,GCA_003473265	Bacteroidota/Bacteroidia/Bacteroidales/Bacteroidaceae/Bacteroides_B/Bacteroides_B vulgatus,Bacteroidota/Bacteroidia/Bacteroidales/Bacteroidaceae/Bacteroides_B/Bacteroides_B dorei,Bacteroidota/Bacteroidia/Bacteroidales/Bacteroidaceae/Bacteroides_B/Bacteroides_B vulgatus	GPD
uvig_238114	30239	NA	NA	NA	GCA_003473265,GCA_003465695,GCF_000158515,GCA_003463745,GCA_003438235,GCA_003468345,GCA_003475135,GCA_003437415,GCA_003438705,GCF_000186105,GCA_003470745,GCA_003463885,GCA_003471775	Bacteroidota/Bacteroidia/Bacteroidales/Bacteroidaceae/Bacteroides_B/Bacteroides_B vulgatus,Bacteroidota/Bacteroidia/Bacteroidales/Bacteroidaceae/Bacteroides_B/Bacteroides_B vulgatus,Bacteroidota/Bacteroidia/Bacteroidales/Bacteroidaceae/Bacteroides_B/Bacteroides_B vulgatus,Bacteroidota/Bacteroidia/Bacteroidales/Bacteroidaceae/Bacteroides_B/Bacteroides_B vulgatus,Bacteroidota/Bacteroidia/Bacteroidales/Bacteroidaceae/Bacteroides_B/Bacteroides_B vulgatus,Bacteroidota/Bacteroidia/Bacteroidales/Bacteroidaceae/Bacteroides_B/Bacteroides_B vulgatus,Bacteroidota/Bacteroidia/Bacteroidales/Bacteroidaceae/Bacteroides_B/Bacteroides_B vulgatus,Bacteroidota/Bacteroidia/Bacteroidales/Bacteroidaceae/Bacteroides_B/Bacteroides_B vulgatus,Bacteroidota/Bacteroidia/Bacteroidales/Bacteroidaceae/Bacteroides_B/Bacteroides_B vulgatus,Bacteroidota/Bacteroidia/Bacteroidales/Bacteroidaceae/Bacteroides_B/Bacteroides_B vulgatus,Bacteroidota/Bacteroidia/Bacteroidales/Bacteroidaceae/Bacteroides_B/Bacteroides_B vulgatus,Bacteroidota/Bacteroidia/Bacteroidales/Bacteroidaceae/Bacteroides_B/Bacteroides_B vulgatus,Bacteroidota/Bacteroidia/Bacteroidales/Bacteroidaceae/Bacteroides_B/Bacteroides_B vulgatus	GPD
uvig_243329	56471	NA	NA	NA	GCA_003462285,GCA_003458265,GCA_003469225,GCA_003471705	Bacteroidota/Bacteroidia/Bacteroidales/Bacteroidaceae/Bacteroides_B/Bacteroides_B massiliensis,Bacteroidota/Bacteroidia/Bacteroidales/Bacteroidaceae/Bacteroides_B/Bacteroides_B vulgatus,Bacteroidota/Bacteroidia/Bacteroidales/Bacteroidaceae/Bacteroides_B/Bacteroides_B vulgatus,Bacteroidota/Bacteroidia/Bacteroidales/Bacteroidaceae/Bacteroides_B/Bacteroides_B vulgatus	GPD
k141_153870_round13~6995060	NA	NA	NA	NA	NA	NA	mMGE
uvig_111665	98287	NA	NA	NA	GCA_003465765,GCF_000158335,GCA_003463345,GCA_003471705	Bacteroidota/Bacteroidia/Bacteroidales/Bacteroidaceae/Bacteroides_B/Bacteroides_B vulgatus,Bacteroidota/Bacteroidia/Bacteroidales/Bacteroidaceae/Bacteroides_B/Bacteroides_B dorei,Bacteroidota/Bacteroidia/Bacteroidales/Bacteroidaceae/Bacteroides_B/Bacteroides_B dorei,Bacteroidota/Bacteroidia/Bacteroidales/Bacteroidaceae/Bacteroides_B/Bacteroides_B vulgatus	GPD
k141_153756_round13~6483933	NA	NA	NA	NA	NA	NA	mMGE
k119_84025_round347~3411256	NA	NA	NA	NA	NA	NA	mMGE
k119_1241_round347~3207507	NA	NA	NA	NA	NA	NA	mMGE
SRR9040468_141_175310_round8-12~496322	NA	NA	NA	NA	NA	NA	mMGE
uvig_149430	91962	NA	NA	NA	GCA_003459715,GCF_000162195,GCA_003458385,GCA_003466785,GCF_000186105,GCA_003473265,GCA_003471775	Bacteroidota/Bacteroidia/Bacteroidales/Bacteroidaceae/Bacteroides_B/Bacteroides_B vulgatus,Bacteroidota/Bacteroidia/Bacteroidales/Bacteroidaceae/Bacteroides_B/Bacteroides_B dorei,Bacteroidota/Bacteroidia/Bacteroidales/Bacteroidaceae/Bacteroides_B/Bacteroides_B vulgatus,Bacteroidota/Bacteroidia/Bacteroidales/Bacteroidaceae/Bacteroides_B/Bacteroides_B vulgatus,Bacteroidota/Bacteroidia/Bacteroidales/Bacteroidaceae/Bacteroides_B/Bacteroides_B vulgatus,Bacteroidota/Bacteroidia/Bacteroidales/Bacteroidaceae/Bacteroides_B/Bacteroides_B vulgatus,Bacteroidota/Bacteroidia/Bacteroidales/Bacteroidaceae/Bacteroides_B/Bacteroides_B vulgatus	GPD
uvig_129684	74013	NA	NA	NA	GCA_003463745,20298_2#23,GCA_003467095,12718_7#30,GCF_000158515,14207_7#67,GCA_003473265,GCA_003471775	Bacteroidota/Bacteroidia/Bacteroidales/Bacteroidaceae/Bacteroides_B/Bacteroides_B vulgatus,Bacteroidota/Bacteroidia/Bacteroidales/Bacteroidaceae/Bacteroides/GCF_900155865.1,Bacteroidota/Bacteroidia/Bacteroidales/Bacteroidaceae/Bacteroides_B/Bacteroides_B vulgatus,Bacteroidota/Bacteroidia/Bacteroidales/Bacteroidaceae/Bacteroides/GCF_900155865.1,Bacteroidota/Bacteroidia/Bacteroidales/Bacteroidaceae/Bacteroides_B/Bacteroides_B vulgatus,Bacteroidota/Bacteroidia/Bacteroidales/Bacteroidaceae/Bacteroides_B/Bacteroides_B vulgatus,Bacteroidota/Bacteroidia/Bacteroidales/Bacteroidaceae/Bacteroides_B/Bacteroides_B vulgatus,Bacteroidota/Bacteroidia/Bacteroidales/Bacteroidaceae/Bacteroides_B/Bacteroides_B vulgatus	GPD
uvig_439095	13783	NA	NA	NA	GCA_003473265,GCA_003602735,21673_4#5,14207_7#3	Bacteroidota/Bacteroidia/Bacteroidales/Bacteroidaceae/Bacteroides_B/Bacteroides_B vulgatus,Bacteroidota/Bacteroidia/Bacteroidales/Bacteroidaceae/Bacteroides/Bacteroides uniformis,Bacteroidota/Bacteroidia/Bacteroidales/Barnesiellaceae/Barnesiella/Barnesiella intestinihominis,Bacteroidota/Bacteroidia/Bacteroidales/Bacteroidaceae/Bacteroides/Bacteroides caccae	GPD
SRR2155346_119_71704_round8-12~2467149	NA	NA	NA	NA	NA	NA	mMGE
k119_88674_round14~129660	NA	NA	NA	NA	NA	NA	mMGE
SRR3993059_141_61583_round8-12~2932396	NA	NA	NA	NA	NA	NA	mMGE
k141_118108_round13~6301288	NA	NA	NA	NA	NA	NA	mMGE
uvig_504357	47787	NA	NA	NA	GCF_000162195,GCA_003465695,GCA_003474155,GCF_000158515,GCA_003463745,GCA_003438235,GCA_003434615,18048_2#68,GCA_003468345,18048_1#68,GCA_003475135,GCA_003438705,GCF_000186105,GCA_003463885,GCA_003436175	Bacteroidota/Bacteroidia/Bacteroidales/Bacteroidaceae/Bacteroides_B/Bacteroides_B dorei,Bacteroidota/Bacteroidia/Bacteroidales/Bacteroidaceae/Bacteroides_B/Bacteroides_B vulgatus,Bacteroidota/Bacteroidia/Bacteroidales/Bacteroidaceae/Bacteroides_B/Bacteroides_B vulgatus,Bacteroidota/Bacteroidia/Bacteroidales/Bacteroidaceae/Bacteroides_B/Bacteroides_B vulgatus,Bacteroidota/Bacteroidia/Bacteroidales/Bacteroidaceae/Bacteroides_B/Bacteroides_B vulgatus,Bacteroidota/Bacteroidia/Bacteroidales/Bacteroidaceae/Bacteroides_B/Bacteroides_B vulgatus,Bacteroidota/Bacteroidia/Bacteroidales/Bacteroidaceae/Bacteroides_B/Bacteroides_B dorei,Bacteroidota/Bacteroidia/Bacteroidales/Bacteroidaceae/Bacteroides_B/Bacteroides_B vulgatus,Bacteroidota/Bacteroidia/Bacteroidales/Bacteroidaceae/Bacteroides_B/Bacteroides_B vulgatus,Bacteroidota/Bacteroidia/Bacteroidales/Bacteroidaceae/Bacteroides_B/Bacteroides_B vulgatus,Bacteroidota/Bacteroidia/Bacteroidales/Bacteroidaceae/Bacteroides_B/Bacteroides_B vulgatus,Bacteroidota/Bacteroidia/Bacteroidales/Bacteroidaceae/Bacteroides_B/Bacteroides_B vulgatus,Bacteroidota/Bacteroidia/Bacteroidales/Bacteroidaceae/Bacteroides_B/Bacteroides_B vulgatus,Bacteroidota/Bacteroidia/Bacteroidales/Bacteroidaceae/Bacteroides_B/Bacteroides_B vulgatus,Bacteroidota/Bacteroidia/Bacteroidales/Bacteroidaceae/Bacteroides_B/Bacteroides_B vulgatus	GPD
uvig_251379	86128	NA	NA	NA	NA	NA	GPD
uvig_333218	92106	NA	NA	NA	GCA_003459715,GCF_000186105,GCF_000162195	Bacteroidota/Bacteroidia/Bacteroidales/Bacteroidaceae/Bacteroides_B/Bacteroides_B vulgatus,Bacteroidota/Bacteroidia/Bacteroidales/Bacteroidaceae/Bacteroides_B/Bacteroides_B vulgatus,Bacteroidota/Bacteroidia/Bacteroidales/Bacteroidaceae/Bacteroides_B/Bacteroides_B dorei	GPD
SRR3582151_119_32659_round8-12~1917478	NA	NA	NA	NA	NA	NA	mMGE
SRR5930520_119_78580_round347~3249944	NA	NA	NA	NA	NA	NA	mMGE
k141_331274_round13~909719							
uvig_595418	37730	NA	NA	NA	NA	NA	GPD
k141_125_round8-12~3729794	NA	NA	NA	NA	NA	NA	mMGE
uvig_225347	24009	NA	NA	NA	GCA_003465765,GCA_003463885	Bacteroidota/Bacteroidia/Bacteroidales/Bacteroidaceae/Bacteroides_B/Bacteroides_B vulgatus,Bacteroidota/Bacteroidia/Bacteroidales/Bacteroidaceae/Bacteroides_B/Bacteroides_B vulgatus	GPD
k141_158_round8-12~2007628	NA	NA	NA	NA	NA	NA	mMGE
k141_654_round8-12~853461	NA	NA	NA	NA	NA	NA	mMGE
k141_15963_round13~9204303	NA	NA	NA	NA	NA	NA	mMGE
uvig_255002	107164	NA	NA	NA	20287_6#85,GCA_003462805,GCA_003464465,GCA_003467605,GCA_003435685,GCA_003464695,20287_6#82,GCA_003472445,GCA_003469595,21673_4#79,GCA_003435895,GCA_003602735,GCA_003473265,21673_4#11,21673_4#15	Bacteroidota/Bacteroidia/Bacteroidales/Bacteroidaceae/Bacteroides_B/Bacteroides_B vulgatus,Bacteroidota/Bacteroidia/Bacteroidales/Marinifilaceae/Odoribacter/Odoribacter splanchnicus,Bacteroidota/Bacteroidia/Bacteroidales/Marinifilaceae/Odoribacter/Odoribacter splanchnicus,Bacteroidota/Bacteroidia/Bacteroidales/Bacteroidaceae/Bacteroides/Bacteroides eggerthii,Bacteroidota/Bacteroidia/Bacteroidales/Bacteroidaceae/Bacteroides_B/Bacteroides_B massiliensis,Bacteroidota/Bacteroidia/Bacteroidales/Bacteroidaceae/Bacteroides/Bacteroides thetaiotaomicron,Bacteroidota/Bacteroidia/Bacteroidales/Bacteroidaceae/Bacteroides_B/Bacteroides_B vulgatus,Bacteroidota/Bacteroidia/Bacteroidales/Bacteroidaceae/Bacteroides/Bacteroides eggerthii,Bacteroidota/Bacteroidia/Bacteroidales/Bacteroidaceae/Bacteroides/Bacteroides intestinalis,Bacteroidota/Bacteroidia/Bacteroidales/Bacteroidaceae/Bacteroides_B/Bacteroides_B vulgatus,Bacteroidota/Bacteroidia/Bacteroidales/Bacteroidaceae/Bacteroides_B/Bacteroides_B massiliensis,Bacteroidota/Bacteroidia/Bacteroidales/Bacteroidaceae/Bacteroides/Bacteroides uniformis,Bacteroidota/Bacteroidia/Bacteroidales/Bacteroidaceae/Bacteroides_B/Bacteroides_B vulgatus,Bacteroidota/Bacteroidia/Bacteroidales/Bacteroidaceae/Bacteroides_B/Bacteroides_B vulgatus,Bacteroidota/Bacteroidia/Bacteroidales/Bacteroidaceae/Bacteroides_B/Bacteroides_B vulgatus	GPD
uvig_96402	113351	NA	NA	NA	GCA_003458265,GCA_003458385,GCA_003463745,GCA_003464725,GCF_000186105,GCA_003473265	Bacteroidota/Bacteroidia/Bacteroidales/Bacteroidaceae/Bacteroides_B/Bacteroides_B vulgatus,Bacteroidota/Bacteroidia/Bacteroidales/Bacteroidaceae/Bacteroides_B/Bacteroides_B vulgatus,Bacteroidota/Bacteroidia/Bacteroidales/Bacteroidaceae/Bacteroides_B/Bacteroides_B vulgatus,Bacteroidota/Bacteroidia/Bacteroidales/Bacteroidaceae/Bacteroides_B/Bacteroides_B dorei,Bacteroidota/Bacteroidia/Bacteroidales/Bacteroidaceae/Bacteroides_B/Bacteroides_B vulgatus,Bacteroidota/Bacteroidia/Bacteroidales/Bacteroidaceae/Bacteroides_B/Bacteroides_B vulgatus	GPD
ivig_2274	24633	NA	NA	NA	GCA_003602965,20287_6#53,21673_4#1,20287_6#83	Bacteroidota/Bacteroidia/Bacteroidales/Bacteroidaceae/Bacteroides/NA,Bacteroidota/Bacteroidia/Bacteroidales/Bacteroidaceae/Bacteroides/Bacteroides thetaiotaomicron,Bacteroidota/Bacteroidia/Bacteroidales/Bacteroidaceae/Bacteroides/Bacteroides thetaiotaomicron,Bacteroidota/Bacteroidia/Bacteroidales/Bacteroidaceae/Bacteroides/Bacteroides thetaiotaomicron	GPD
k141_112050_round13~5240707	NA	NA	NA	NA	NA	NA	mMGE
k99_62640_round8-12~4496241	NA	NA	NA	NA	NA	NA	mMGE
SRR7495922_141_75970_round1256~4142852	NA	NA	NA	NA	NA	NA	mMGE
uvig_334397	48188	NA	NA	NA	GCA_003465695,GCA_003437875,GCA_003471285,GCA_003471705,GCA_003471225,14207_7#67	Bacteroidota/Bacteroidia/Bacteroidales/Bacteroidaceae/Bacteroides_B/Bacteroides_B vulgatus,Bacteroidota/Bacteroidia/Bacteroidales/Bacteroidaceae/Bacteroides_B/Bacteroides_B vulgatus,Bacteroidota/Bacteroidia/Bacteroidales/Bacteroidaceae/Bacteroides_B/Bacteroides_B vulgatus,Bacteroidota/Bacteroidia/Bacteroidales/Bacteroidaceae/Bacteroides_B/Bacteroides_B vulgatus,Bacteroidota/Bacteroidia/Bacteroidales/Bacteroidaceae/Bacteroides_B/Bacteroides_B vulgatus,Bacteroidota/Bacteroidia/Bacteroidales/Bacteroidaceae/Bacteroides_B/Bacteroides_B vulgatus	GPD
ERR209694_79_72574_round347~1010517							
uvig_129974	86661	NA	NA	NA	GCA_003459715,GCA_003458265,GCF_000162195,GCA_003438645,GCA_003437875,GCA_003603635,GCF_000158515,GCA_003465765,GCA_003475695,GCA_003466785,GCA_003468485,GCF_000186105,GCA_003473265,GCA_003469525	Bacteroidota/Bacteroidia/Bacteroidales/Bacteroidaceae/Bacteroides_B/Bacteroides_B vulgatus,Bacteroidota/Bacteroidia/Bacteroidales/Bacteroidaceae/Bacteroides_B/Bacteroides_B vulgatus,Bacteroidota/Bacteroidia/Bacteroidales/Bacteroidaceae/Bacteroides_B/Bacteroides_B dorei,Bacteroidota/Bacteroidia/Bacteroidales/Bacteroidaceae/Bacteroides_B/Bacteroides_B vulgatus,Bacteroidota/Bacteroidia/Bacteroidales/Bacteroidaceae/Bacteroides_B/Bacteroides_B vulgatus,Bacteroidota/Bacteroidia/Bacteroidales/Bacteroidaceae/Bacteroides_B/Bacteroides_B vulgatus,Bacteroidota/Bacteroidia/Bacteroidales/Bacteroidaceae/Bacteroides_B/Bacteroides_B vulgatus,Bacteroidota/Bacteroidia/Bacteroidales/Bacteroidaceae/Bacteroides_B/Bacteroides_B vulgatus,Bacteroidota/Bacteroidia/Bacteroidales/Bacteroidaceae/Bacteroides_B/Bacteroides_B vulgatus,Bacteroidota/Bacteroidia/Bacteroidales/Bacteroidaceae/Bacteroides_B/Bacteroides_B vulgatus,Bacteroidota/Bacteroidia/Bacteroidales/Bacteroidaceae/Bacteroides_B/Bacteroides_B vulgatus,Bacteroidota/Bacteroidia/Bacteroidales/Bacteroidaceae/Bacteroides_B/Bacteroides_B vulgatus,Bacteroidota/Bacteroidia/Bacteroidales/Bacteroidaceae/Bacteroides_B/Bacteroides_B vulgatus,Bacteroidota/Bacteroidia/Bacteroidales/Bacteroidaceae/Bacteroides_B/Bacteroides_B vulgatus	GPD
SRR8634320_141_4183_round8-12~1885863	NA	NA	NA	NA	NA	NA	mMGE
uvig_480134	18392	NA	NA	NA	GCA_003459715,GCA_003603775,GCA_003466785,GCA_003468485,GCA_003437415,GCA_003475695	Bacteroidota/Bacteroidia/Bacteroidales/Bacteroidaceae/Bacteroides_B/Bacteroides_B vulgatus,Bacteroidota/Bacteroidia/Bacteroidales/Bacteroidaceae/Bacteroides_B/Bacteroides_B vulgatus,Bacteroidota/Bacteroidia/Bacteroidales/Bacteroidaceae/Bacteroides_B/Bacteroides_B vulgatus,Bacteroidota/Bacteroidia/Bacteroidales/Bacteroidaceae/Bacteroides_B/Bacteroides_B vulgatus,Bacteroidota/Bacteroidia/Bacteroidales/Bacteroidaceae/Bacteroides_B/Bacteroides_B vulgatus,Bacteroidota/Bacteroidia/Bacteroidales/Bacteroidaceae/Bacteroides_B/Bacteroides_B vulgatus	GPD
uvig_389578	88314	NA	NA	NA	GCA_003437415,GCA_003473265	Bacteroidota/Bacteroidia/Bacteroidales/Bacteroidaceae/Bacteroides_B/Bacteroides_B vulgatus,Bacteroidota/Bacteroidia/Bacteroidales/Bacteroidaceae/Bacteroides_B/Bacteroides_B vulgatus	GPD
ERR695609_141_105623_round347~2335790	NA	NA	NA	NA	NA	NA	mMGE
ERR1190758_119_107159_round8-12~818984	NA	NA	NA	NA	NA	NA	mMGE
SRR8240653_141_21977_round1256~4609830	NA	NA	NA	NA	NA	NA	mMGE
k119_65575_round14~2283497	NA	NA	NA	NA	NA	NA	mMGE
SRR10479842_141_407178_round347~2816954	NA	NA	NA	NA	NA	NA	mMGE
SRR413719_99_40566_round347~5077805	NA	NA	NA	NA	NA	NA	mMGE
uvig_167567	30862	NA	NA	NA	NA	NA	GPD
uvig_241420	34463	NA	NA	NA	GCA_003458265	Bacteroidota/Bacteroidia/Bacteroidales/Bacteroidaceae/Bacteroides_B/Bacteroides_B vulgatus	GPD
k141_158988_round13~2521010	NA	NA	NA	NA	NA	NA	mMGE
SRR10418043_141_1820_round1256~2891853	NA	NA	NA	NA	NA	NA	mMGE
SRR413683_99_61160_round347~695184	NA	NA	NA	NA	NA	NA	mMGE
DRR171475_141_146595_round13~8252709	NA	NA	NA	NA	NA	NA	mMGE
uvig_432191	38879	NA	NA	NA	GCA_003435895	Bacteroidota/Bacteroidia/Bacteroidales/Bacteroidaceae/Bacteroides_B/Bacteroides_B massiliensis	GPD
uvig_284666	38767	NA	NA	NA	GCF_000162195,GCA_003458385,GCA_003471285,GCA_003468345,GCF_000157075,GCA_003471225,GCF_000158515,GCA_003437415,GCF_000186105,GCA_003473265	Bacteroidota/Bacteroidia/Bacteroidales/Bacteroidaceae/Bacteroides_B/Bacteroides_B dorei,Bacteroidota/Bacteroidia/Bacteroidales/Bacteroidaceae/Bacteroides_B/Bacteroides_B vulgatus,Bacteroidota/Bacteroidia/Bacteroidales/Bacteroidaceae/Bacteroides_B/Bacteroides_B vulgatus,Bacteroidota/Bacteroidia/Bacteroidales/Bacteroidaceae/Bacteroides_B/Bacteroides_B vulgatus,Bacteroidota/Bacteroidia/Bacteroidales/Bacteroidaceae/Bacteroides_B/Bacteroides_B dorei,Bacteroidota/Bacteroidia/Bacteroidales/Bacteroidaceae/Bacteroides_B/Bacteroides_B vulgatus,Bacteroidota/Bacteroidia/Bacteroidales/Bacteroidaceae/Bacteroides_B/Bacteroides_B vulgatus,Bacteroidota/Bacteroidia/Bacteroidales/Bacteroidaceae/Bacteroides_B/Bacteroides_B vulgatus,Bacteroidota/Bacteroidia/Bacteroidales/Bacteroidaceae/Bacteroides_B/Bacteroides_B vulgatus,Bacteroidota/Bacteroidia/Bacteroidales/Bacteroidaceae/Bacteroides_B/Bacteroides_B vulgatus	GPD
uvig_235031	56911	NA	NA	NA	GCA_003458265,18048_1#68,GCA_003468485,GCA_003470745,GCA_003439605,GCA_003459715,GCA_003438645,GCA_003437875,GCA_003469225,GCF_000186105,GCA_003467565,GCA_003471775,GCA_003439595,GCA_003603775,GCA_003458385,GCA_003603635,18048_2#68,GCA_003466785,GCA_003471705,GCA_003475135,GCF_000158515,GCA_003438705,GCA_003469525,GCA_003438235,GCA_003465765,GCA_003467095,GCA_003475695,GCA_003473265	Bacteroidota/Bacteroidia/Bacteroidales/Bacteroidaceae/Bacteroides_B/Bacteroides_B vulgatus,Bacteroidota/Bacteroidia/Bacteroidales/Bacteroidaceae/Bacteroides_B/Bacteroides_B vulgatus,Bacteroidota/Bacteroidia/Bacteroidales/Bacteroidaceae/Bacteroides_B/Bacteroides_B vulgatus,Bacteroidota/Bacteroidia/Bacteroidales/Bacteroidaceae/Bacteroides_B/Bacteroides_B vulgatus,Bacteroidota/Bacteroidia/Bacteroidales/Bacteroidaceae/Bacteroides_B/Bacteroides_B vulgatus,Bacteroidota/Bacteroidia/Bacteroidales/Bacteroidaceae/Bacteroides_B/Bacteroides_B vulgatus,Bacteroidota/Bacteroidia/Bacteroidales/Bacteroidaceae/Bacteroides_B/Bacteroides_B vulgatus,Bacteroidota/Bacteroidia/Bacteroidales/Bacteroidaceae/Bacteroides_B/Bacteroides_B vulgatus,Bacteroidota/Bacteroidia/Bacteroidales/Bacteroidaceae/Bacteroides_B/Bacteroides_B vulgatus,Bacteroidota/Bacteroidia/Bacteroidales/Bacteroidaceae/Bacteroides_B/Bacteroides_B vulgatus,Bacteroidota/Bacteroidia/Bacteroidales/Bacteroidaceae/Bacteroides_B/Bacteroides_B vulgatus,Bacteroidota/Bacteroidia/Bacteroidales/Bacteroidaceae/Bacteroides_B/Bacteroides_B vulgatus,Bacteroidota/Bacteroidia/Bacteroidales/Bacteroidaceae/Bacteroides_B/Bacteroides_B vulgatus,Bacteroidota/Bacteroidia/Bacteroidales/Bacteroidaceae/Bacteroides_B/Bacteroides_B vulgatus,Bacteroidota/Bacteroidia/Bacteroidales/Bacteroidaceae/Bacteroides_B/Bacteroides_B vulgatus,Bacteroidota/Bacteroidia/Bacteroidales/Bacteroidaceae/Bacteroides_B/Bacteroides_B vulgatus,Bacteroidota/Bacteroidia/Bacteroidales/Bacteroidaceae/Bacteroides_B/Bacteroides_B vulgatus,Bacteroidota/Bacteroidia/Bacteroidales/Bacteroidaceae/Bacteroides_B/Bacteroides_B vulgatus,Bacteroidota/Bacteroidia/Bacteroidales/Bacteroidaceae/Bacteroides_B/Bacteroides_B vulgatus,Bacteroidota/Bacteroidia/Bacteroidales/Bacteroidaceae/Bacteroides_B/Bacteroides_B vulgatus,Bacteroidota/Bacteroidia/Bacteroidales/Bacteroidaceae/Bacteroides_B/Bacteroides_B vulgatus,Bacteroidota/Bacteroidia/Bacteroidales/Bacteroidaceae/Bacteroides_B/Bacteroides_B vulgatus,Bacteroidota/Bacteroidia/Bacteroidales/Bacteroidaceae/Bacteroides_B/Bacteroides_B vulgatus,Bacteroidota/Bacteroidia/Bacteroidales/Bacteroidaceae/Bacteroides_B/Bacteroides_B vulgatus,Bacteroidota/Bacteroidia/Bacteroidales/Bacteroidaceae/Bacteroides_B/Bacteroides_B vulgatus,Bacteroidota/Bacteroidia/Bacteroidales/Bacteroidaceae/Bacteroides_B/Bacteroides_B vulgatus,Bacteroidota/Bacteroidia/Bacteroidales/Bacteroidaceae/Bacteroides_B/Bacteroides_B vulgatus,Bacteroidota/Bacteroidia/Bacteroidales/Bacteroidaceae/Bacteroides_B/Bacteroides_B vulgatus	GPD
uvig_275039	85678	NA	NA	NA	GCF_000162195,GCA_003471645,GCA_003437415,GCA_003471545,GCA_003438615,GCA_003462285,GCA_003469655,GCA_003467605,21673_4#11,21673_4#15,18048_1#79,20287_6#82,GCA_003436285,GCF_000185605,21673_4#79,20287_6#85,18048_2#79,GCF_000273465,GCA_003438445,GCA_003467005,13414_6#55,GCA_003602735	Bacteroidota/Bacteroidia/Bacteroidales/Bacteroidaceae/Bacteroides_B/Bacteroides_B dorei,Bacteroidota/Bacteroidia/Bacteroidales/Bacteroidaceae/Bacteroides_A/Bacteroides_A plebeius,Bacteroidota/Bacteroidia/Bacteroidales/Bacteroidaceae/Bacteroides_B/Bacteroides_B vulgatus,Bacteroidota/Bacteroidia/Bacteroidales/Bacteroidaceae/Bacteroides/Bacteroides uniformis,Bacteroidota/Bacteroidia/Bacteroidales/Bacteroidaceae/Bacteroides/UBA11767,Bacteroidota/Bacteroidia/Bacteroidales/Bacteroidaceae/Bacteroides_B/Bacteroides_B massiliensis,Bacteroidota/Bacteroidia/Bacteroidales/Bacteroidaceae/Bacteroides/Bacteroides salyersiae,Bacteroidota/Bacteroidia/Bacteroidales/Bacteroidaceae/Bacteroides/Bacteroides eggerthii,Bacteroidota/Bacteroidia/Bacteroidales/Bacteroidaceae/Bacteroides_B/Bacteroides_B vulgatus,Bacteroidota/Bacteroidia/Bacteroidales/Bacteroidaceae/Bacteroides_B/Bacteroides_B vulgatus,Bacteroidota/Bacteroidia/Bacteroidales/Bacteroidaceae/Bacteroides/Bacteroides fragilis,Bacteroidota/Bacteroidia/Bacteroidales/Bacteroidaceae/Bacteroides_B/Bacteroides_B vulgatus,Bacteroidota/Bacteroidia/Bacteroidales/Bacteroidaceae/Bacteroides/Bacteroides fragilis,Bacteroidota/Bacteroidia/Bacteroidales/Bacteroidaceae/Bacteroides/Bacteroides eggerthii,Bacteroidota/Bacteroidia/Bacteroidales/Bacteroidaceae/Bacteroides_B/Bacteroides_B vulgatus,Bacteroidota/Bacteroidia/Bacteroidales/Bacteroidaceae/Bacteroides_B/Bacteroides_B vulgatus,Bacteroidota/Bacteroidia/Bacteroidales/Bacteroidaceae/Bacteroides/Bacteroides fragilis,Bacteroidota/Bacteroidia/Bacteroidales/Bacteroidaceae/Bacteroides/Bacteroides eggerthii,Bacteroidota/Bacteroidia/Bacteroidales/Bacteroidaceae/Bacteroides/Bacteroides oleiciplenus,Bacteroidota/Bacteroidia/Bacteroidales/Bacteroidaceae/Bacteroides/Bacteroides intestinalis_A,Bacteroidota/Bacteroidia/Bacteroidales/Bacteroidaceae/Bacteroides/Bacteroides salyersiae,Bacteroidota/Bacteroidia/Bacteroidales/Bacteroidaceae/Bacteroides/Bacteroides uniformis	GPD
SRR9865808_141_47253_round1256~471110	NA	NA	NA	NA	NA	NA	mMGE
k141_218205_round8-12~3882188	NA	NA	NA	NA	NA	NA	mMGE
ERR479422_99_92746_round347~2108382	NA	NA	NA	NA	NA	NA	mMGE
SRR2175725_119_6925_round347~2045655	NA	NA	NA	NA	NA	NA	mMGE
ERR321650_99_120999_round347~1057672	NA	NA	NA	NA	NA	NA	mMGE
k119_25301_round347~4968759	NA	NA	NA	NA	NA	NA	mMGE
uvig_453619	56475	NA	NA	NA	GCA_003458385,GCA_003463745,GCA_003471705,GCF_000186105,GCA_003470745,GCA_003473265,GCA_003471775	Bacteroidota/Bacteroidia/Bacteroidales/Bacteroidaceae/Bacteroides_B/Bacteroides_B vulgatus,Bacteroidota/Bacteroidia/Bacteroidales/Bacteroidaceae/Bacteroides_B/Bacteroides_B vulgatus,Bacteroidota/Bacteroidia/Bacteroidales/Bacteroidaceae/Bacteroides_B/Bacteroides_B vulgatus,Bacteroidota/Bacteroidia/Bacteroidales/Bacteroidaceae/Bacteroides_B/Bacteroides_B vulgatus,Bacteroidota/Bacteroidia/Bacteroidales/Bacteroidaceae/Bacteroides_B/Bacteroides_B vulgatus,Bacteroidota/Bacteroidia/Bacteroidales/Bacteroidaceae/Bacteroides_B/Bacteroides_B vulgatus,Bacteroidota/Bacteroidia/Bacteroidales/Bacteroidaceae/Bacteroides_B/Bacteroides_B vulgatus	GPD
ERR1398125_141_82597_round347~2405628	NA	NA	NA	NA	NA	NA	mMGE
uvig_105971	141862	NA	NA	NA	20287_6#85,21673_4#79,GCA_003465765,20287_6#82,14207_7#67,21673_4#11,21673_4#15	Bacteroidota/Bacteroidia/Bacteroidales/Bacteroidaceae/Bacteroides_B/Bacteroides_B vulgatus,Bacteroidota/Bacteroidia/Bacteroidales/Bacteroidaceae/Bacteroides_B/Bacteroides_B vulgatus,Bacteroidota/Bacteroidia/Bacteroidales/Bacteroidaceae/Bacteroides_B/Bacteroides_B vulgatus,Bacteroidota/Bacteroidia/Bacteroidales/Bacteroidaceae/Bacteroides_B/Bacteroides_B vulgatus,Bacteroidota/Bacteroidia/Bacteroidales/Bacteroidaceae/Bacteroides_B/Bacteroides_B vulgatus,Bacteroidota/Bacteroidia/Bacteroidales/Bacteroidaceae/Bacteroides_B/Bacteroides_B vulgatus,Bacteroidota/Bacteroidia/Bacteroidales/Bacteroidaceae/Bacteroides_B/Bacteroides_B vulgatus	GPD
SRR10479837_141_21484_round347~1245396	NA	NA	NA	NA	NA	NA	mMGE
ERR1823602_141_69462_round347~3724340	NA	NA	NA	NA	NA	NA	mMGE
SRR341591_79_51904_round347~5092321	NA	NA	NA	NA	NA	NA	mMGE
SRR8240777_141_23246_round1256~2710708	NA	NA	NA	NA	NA	NA	mMGE
SRR5935740_119_101598_round347~4250143	NA	NA	NA	NA	NA	NA	mMGE
k141_3051_round13~6710210	NA	NA	NA	NA	NA	NA	mMGE
uvig_516568	33327	NA	NA	NA	GCA_003465765	Bacteroidota/Bacteroidia/Bacteroidales/Bacteroidaceae/Bacteroides_B/Bacteroides_B vulgatus	GPD
uvig_55657	37663	NA	NA	NA	GCA_003471705,20287_6#53,21673_4#1,20287_6#83	Bacteroidota/Bacteroidia/Bacteroidales/Bacteroidaceae/Bacteroides_B/Bacteroides_B vulgatus,Bacteroidota/Bacteroidia/Bacteroidales/Bacteroidaceae/Bacteroides/Bacteroides thetaiotaomicron,Bacteroidota/Bacteroidia/Bacteroidales/Bacteroidaceae/Bacteroides/Bacteroides thetaiotaomicron,Bacteroidota/Bacteroidia/Bacteroidales/Bacteroidaceae/Bacteroides/Bacteroides thetaiotaomicron	GPD
k141_85857_round1256~301280	NA	NA	NA	NA	NA	NA	mMGE
k119_25601_round1256~1290001	NA	NA	NA	NA	NA	NA	mMGE
k141_446565_round14~80496	NA	NA	NA	NA	NA	NA	mMGE
uvig_134148	26768	NA	NA	NA	GCA_003465695,GCF_000158335,GCA_003437875,GCA_003437415,14207_7#67,GCF_000186105,GCA_003473265,GCA_003469525	Bacteroidota/Bacteroidia/Bacteroidales/Bacteroidaceae/Bacteroides_B/Bacteroides_B vulgatus,Bacteroidota/Bacteroidia/Bacteroidales/Bacteroidaceae/Bacteroides_B/Bacteroides_B dorei,Bacteroidota/Bacteroidia/Bacteroidales/Bacteroidaceae/Bacteroides_B/Bacteroides_B vulgatus,Bacteroidota/Bacteroidia/Bacteroidales/Bacteroidaceae/Bacteroides_B/Bacteroides_B vulgatus,Bacteroidota/Bacteroidia/Bacteroidales/Bacteroidaceae/Bacteroides_B/Bacteroides_B vulgatus,Bacteroidota/Bacteroidia/Bacteroidales/Bacteroidaceae/Bacteroides_B/Bacteroides_B vulgatus,Bacteroidota/Bacteroidia/Bacteroidales/Bacteroidaceae/Bacteroides_B/Bacteroides_B vulgatus,Bacteroidota/Bacteroidia/Bacteroidales/Bacteroidaceae/Bacteroides_B/Bacteroides_B vulgatus	GPD
SRR8692242_141_22822_round8-12~2244088	NA	NA	NA	NA	NA	NA	mMGE
ERR209772_99_22861_round347~1286500	NA	NA	NA	NA	NA	NA	mMGE
uvig_279352	109251	NA	NA	NA	GCA_003439595,GCA_003458265,GCA_003439605,GCA_003459715,GCA_003458385,GCA_003463745,18048_2#68,GCA_003467095,18048_1#68,GCA_003464725,GCA_003470745,GCA_003473265,GCA_003467565	Bacteroidota/Bacteroidia/Bacteroidales/Bacteroidaceae/Bacteroides_B/Bacteroides_B vulgatus,Bacteroidota/Bacteroidia/Bacteroidales/Bacteroidaceae/Bacteroides_B/Bacteroides_B vulgatus,Bacteroidota/Bacteroidia/Bacteroidales/Bacteroidaceae/Bacteroides_B/Bacteroides_B vulgatus,Bacteroidota/Bacteroidia/Bacteroidales/Bacteroidaceae/Bacteroides_B/Bacteroides_B vulgatus,Bacteroidota/Bacteroidia/Bacteroidales/Bacteroidaceae/Bacteroides_B/Bacteroides_B vulgatus,Bacteroidota/Bacteroidia/Bacteroidales/Bacteroidaceae/Bacteroides_B/Bacteroides_B vulgatus,Bacteroidota/Bacteroidia/Bacteroidales/Bacteroidaceae/Bacteroides_B/Bacteroides_B vulgatus,Bacteroidota/Bacteroidia/Bacteroidales/Bacteroidaceae/Bacteroides_B/Bacteroides_B vulgatus,Bacteroidota/Bacteroidia/Bacteroidales/Bacteroidaceae/Bacteroides_B/Bacteroides_B vulgatus,Bacteroidota/Bacteroidia/Bacteroidales/Bacteroidaceae/Bacteroides_B/Bacteroides_B dorei,Bacteroidota/Bacteroidia/Bacteroidales/Bacteroidaceae/Bacteroides_B/Bacteroides_B vulgatus,Bacteroidota/Bacteroidia/Bacteroidales/Bacteroidaceae/Bacteroides_B/Bacteroides_B vulgatus,Bacteroidota/Bacteroidia/Bacteroidales/Bacteroidaceae/Bacteroides_B/Bacteroides_B vulgatus	GPD
ERR2855834_141_21699_round1256~2092728	NA	NA	NA	NA	NA	NA	mMGE
k141_90162_round13~2810354	NA	NA	NA	NA	NA	NA	mMGE
DRR127507_141_90859_round13~7396243	NA	NA	NA	NA	NA	NA	mMGE
ivig_1535	51440	NA	NA	NA	GCA_003458385,GCA_003467095,14207_7#67,GCA_003470745,GCA_003471775	Bacteroidota/Bacteroidia/Bacteroidales/Bacteroidaceae/Bacteroides_B/Bacteroides_B vulgatus,Bacteroidota/Bacteroidia/Bacteroidales/Bacteroidaceae/Bacteroides_B/Bacteroides_B vulgatus,Bacteroidota/Bacteroidia/Bacteroidales/Bacteroidaceae/Bacteroides_B/Bacteroides_B vulgatus,Bacteroidota/Bacteroidia/Bacteroidales/Bacteroidaceae/Bacteroides_B/Bacteroides_B vulgatus,Bacteroidota/Bacteroidia/Bacteroidales/Bacteroidaceae/Bacteroides_B/Bacteroides_B vulgatus	GPD
k141_454_round8-12~2414943	NA	NA	NA	NA	NA	NA	mMGE
SRR5983462_119_33362_round347~1250541	NA	NA	NA	NA	NA	NA	mMGE
k141_136576_round13~6963250	NA	NA	NA	NA	NA	NA	mMGE
k141_17543_round13~9169301	NA	NA	NA	NA	NA	NA	mMGE
SRR9212110_119_25408_round8-12~4391879	NA	NA	NA	NA	NA	NA	mMGE
k141_77_round8-12~3187711	NA	NA	NA	NA	NA	NA	mMGE
ERR1190677_119_73663_round8-12~2796144	NA	NA	NA	NA	NA	NA	mMGE
SRR10479804_141_57017_round347~1925098	NA	NA	NA	NA	NA	NA	mMGE
ERR505092_119_131241_round347~3472039	NA	NA	NA	NA	NA	NA	mMGE
uvig_530065	21183	NA	NA	NA	GCA_003465765,GCA_003473265	Bacteroidota/Bacteroidia/Bacteroidales/Bacteroidaceae/Bacteroides_B/Bacteroides_B vulgatus,Bacteroidota/Bacteroidia/Bacteroidales/Bacteroidaceae/Bacteroides_B/Bacteroides_B vulgatus	GPD
NZ_CP015073.1							
SRR1162614_119_31968_round1256~1306226							
LR890716.1							
k141_105653_round1256~108323							
NC_004703.1							
uvig_17198	32949	NA	NA	NA	GCA_003459715,GCA_003438645,GCA_003603635,GCF_000158515,GCA_003465765,GCA_003466785,GCA_003468485,GCA_003475695	Bacteroidota/Bacteroidia/Bacteroidales/Bacteroidaceae/Bacteroides_B/Bacteroides_B vulgatus,Bacteroidota/Bacteroidia/Bacteroidales/Bacteroidaceae/Bacteroides_B/Bacteroides_B vulgatus,Bacteroidota/Bacteroidia/Bacteroidales/Bacteroidaceae/Bacteroides_B/Bacteroides_B vulgatus,Bacteroidota/Bacteroidia/Bacteroidales/Bacteroidaceae/Bacteroides_B/Bacteroides_B vulgatus,Bacteroidota/Bacteroidia/Bacteroidales/Bacteroidaceae/Bacteroides_B/Bacteroides_B vulgatus,Bacteroidota/Bacteroidia/Bacteroidales/Bacteroidaceae/Bacteroides_B/Bacteroides_B vulgatus,Bacteroidota/Bacteroidia/Bacteroidales/Bacteroidaceae/Bacteroides_B/Bacteroides_B vulgatus,Bacteroidota/Bacteroidia/Bacteroidales/Bacteroidaceae/Bacteroides_B/Bacteroides_B vulgatus	GPD
SRR5950630_119_121887_round347~1097135	NA	NA	NA	NA	NA	NA	mMGE
SRR8204582_141_54394_round1256~2395608	NA	NA	NA	NA	NA	NA	mMGE
k119_91394_round14~1408997	NA	NA	NA	NA	NA	NA	mMGE
SRR8506076_141_56018_round8-12~2690779	NA	NA	NA	NA	NA	NA	mMGE
uvig_185266	38936	NA	NA	NA	20287_6#85,GCA_003465695,GCA_003466465,GCA_003434615,GCA_003439735,20287_6#82,GCA_003437935,GCA_003475135,21673_4#79,GCF_000186105,GCA_003463345,21673_4#11,21673_4#15	Bacteroidota/Bacteroidia/Bacteroidales/Bacteroidaceae/Bacteroides_B/Bacteroides_B vulgatus,Bacteroidota/Bacteroidia/Bacteroidales/Bacteroidaceae/Bacteroides_B/Bacteroides_B vulgatus,Bacteroidota/Bacteroidia/Bacteroidales/Bacteroidaceae/Bacteroides_B/Bacteroides_B dorei,Bacteroidota/Bacteroidia/Bacteroidales/Bacteroidaceae/Bacteroides_B/Bacteroides_B dorei,Bacteroidota/Bacteroidia/Bacteroidales/Bacteroidaceae/Bacteroides_B/Bacteroides_B dorei,Bacteroidota/Bacteroidia/Bacteroidales/Bacteroidaceae/Bacteroides_B/Bacteroides_B vulgatus,Bacteroidota/Bacteroidia/Bacteroidales/Bacteroidaceae/Bacteroides_B/Bacteroides_B dorei,Bacteroidota/Bacteroidia/Bacteroidales/Bacteroidaceae/Bacteroides_B/Bacteroides_B vulgatus,Bacteroidota/Bacteroidia/Bacteroidales/Bacteroidaceae/Bacteroides_B/Bacteroides_B vulgatus,Bacteroidota/Bacteroidia/Bacteroidales/Bacteroidaceae/Bacteroides_B/Bacteroides_B vulgatus,Bacteroidota/Bacteroidia/Bacteroidales/Bacteroidaceae/Bacteroides_B/Bacteroides_B dorei,Bacteroidota/Bacteroidia/Bacteroidales/Bacteroidaceae/Bacteroides_B/Bacteroides_B vulgatus,Bacteroidota/Bacteroidia/Bacteroidales/Bacteroidaceae/Bacteroides_B/Bacteroides_B vulgatus	GPD
uvig_32790	78731	NA	NA	NA	GCF_000156075,GCA_003462285,GCA_003469655,GCA_003471645,GCA_003469685,GCA_003464695,18048_2#74,GCA_003436285,13414_6#55,18048_1#74,GCA_003602735	Bacteroidota/Bacteroidia/Bacteroidales/Bacteroidaceae/Bacteroides_B/Bacteroides_B dorei,Bacteroidota/Bacteroidia/Bacteroidales/Bacteroidaceae/Bacteroides_B/Bacteroides_B massiliensis,Bacteroidota/Bacteroidia/Bacteroidales/Bacteroidaceae/Bacteroides/Bacteroides salyersiae,Bacteroidota/Bacteroidia/Bacteroidales/Bacteroidaceae/Bacteroides_A/Bacteroides_A plebeius,Bacteroidota/Bacteroidia/Bacteroidales/Bacteroidaceae/Bacteroides/Bacteroides thetaiotaomicron,Bacteroidota/Bacteroidia/Bacteroidales/Bacteroidaceae/Bacteroides/Bacteroides thetaiotaomicron,Bacteroidota/Bacteroidia/Bacteroidales/Barnesiellaceae/Barnesiella/Barnesiella intestinihominis,Bacteroidota/Bacteroidia/Bacteroidales/Bacteroidaceae/Bacteroides/Bacteroides fragilis,Bacteroidota/Bacteroidia/Bacteroidales/Bacteroidaceae/Bacteroides/Bacteroides salyersiae,Bacteroidota/Bacteroidia/Bacteroidales/Barnesiellaceae/Barnesiella/Barnesiella intestinihominis,Bacteroidota/Bacteroidia/Bacteroidales/Bacteroidaceae/Bacteroides/Bacteroides uniformis	GPD
uvig_203888	41412	NA	NA	NA	GCA_003435895,GCA_003471775	Bacteroidota/Bacteroidia/Bacteroidales/Bacteroidaceae/Bacteroides_B/Bacteroides_B massiliensis,Bacteroidota/Bacteroidia/Bacteroidales/Bacteroidaceae/Bacteroides_B/Bacteroides_B vulgatus	GPD
uvig_84779	36651	NA	NA	NA	GCA_003458265,GCA_003471285,GCA_003463745,GCA_003467095,GCA_003471705,GCF_000157075,GCA_003471225,GCA_003473265	Bacteroidota/Bacteroidia/Bacteroidales/Bacteroidaceae/Bacteroides_B/Bacteroides_B vulgatus,Bacteroidota/Bacteroidia/Bacteroidales/Bacteroidaceae/Bacteroides_B/Bacteroides_B vulgatus,Bacteroidota/Bacteroidia/Bacteroidales/Bacteroidaceae/Bacteroides_B/Bacteroides_B vulgatus,Bacteroidota/Bacteroidia/Bacteroidales/Bacteroidaceae/Bacteroides_B/Bacteroides_B vulgatus,Bacteroidota/Bacteroidia/Bacteroidales/Bacteroidaceae/Bacteroides_B/Bacteroides_B vulgatus,Bacteroidota/Bacteroidia/Bacteroidales/Bacteroidaceae/Bacteroides_B/Bacteroides_B dorei,Bacteroidota/Bacteroidia/Bacteroidales/Bacteroidaceae/Bacteroides_B/Bacteroides_B vulgatus,Bacteroidota/Bacteroidia/Bacteroidales/Bacteroidaceae/Bacteroides_B/Bacteroides_B vulgatus	GPD
DRR174610_141_164248_round1256~2540423	NA	NA	NA	NA	NA	NA	mMGE
uvig_208113	38190	NA	NA	NA	GCA_003459715,GCA_003438645,GCA_003603775,GCA_003603635,GCF_000158515,GCA_003465765,GCA_003434615,GCA_003466785,GCA_003471705,GCA_003475695,GCA_003468485,GCF_000186105,GCA_003463885	Bacteroidota/Bacteroidia/Bacteroidales/Bacteroidaceae/Bacteroides_B/Bacteroides_B vulgatus,Bacteroidota/Bacteroidia/Bacteroidales/Bacteroidaceae/Bacteroides_B/Bacteroides_B vulgatus,Bacteroidota/Bacteroidia/Bacteroidales/Bacteroidaceae/Bacteroides_B/Bacteroides_B vulgatus,Bacteroidota/Bacteroidia/Bacteroidales/Bacteroidaceae/Bacteroides_B/Bacteroides_B vulgatus,Bacteroidota/Bacteroidia/Bacteroidales/Bacteroidaceae/Bacteroides_B/Bacteroides_B vulgatus,Bacteroidota/Bacteroidia/Bacteroidales/Bacteroidaceae/Bacteroides_B/Bacteroides_B vulgatus,Bacteroidota/Bacteroidia/Bacteroidales/Bacteroidaceae/Bacteroides_B/Bacteroides_B dorei,Bacteroidota/Bacteroidia/Bacteroidales/Bacteroidaceae/Bacteroides_B/Bacteroides_B vulgatus,Bacteroidota/Bacteroidia/Bacteroidales/Bacteroidaceae/Bacteroides_B/Bacteroides_B vulgatus,Bacteroidota/Bacteroidia/Bacteroidales/Bacteroidaceae/Bacteroides_B/Bacteroides_B vulgatus,Bacteroidota/Bacteroidia/Bacteroidales/Bacteroidaceae/Bacteroides_B/Bacteroides_B vulgatus,Bacteroidota/Bacteroidia/Bacteroidales/Bacteroidaceae/Bacteroides_B/Bacteroides_B vulgatus,Bacteroidota/Bacteroidia/Bacteroidales/Bacteroidaceae/Bacteroides_B/Bacteroides_B vulgatus	GPD
k141_2521_round8-12~332901	NA	NA	NA	NA	NA	NA	mMGE
k141_103223_round13~1600440	NA	NA	NA	NA	NA	NA	mMGE
uvig_590678	48390	NA	NA	NA	NA	NA	GPD
uvig_470982	73459	NA	NA	NA	GCA_003462285,GCA_003435895,GCA_003463745,GCF_000158515	Bacteroidota/Bacteroidia/Bacteroidales/Bacteroidaceae/Bacteroides_B/Bacteroides_B massiliensis,Bacteroidota/Bacteroidia/Bacteroidales/Bacteroidaceae/Bacteroides_B/Bacteroides_B massiliensis,Bacteroidota/Bacteroidia/Bacteroidales/Bacteroidaceae/Bacteroides_B/Bacteroides_B vulgatus,Bacteroidota/Bacteroidia/Bacteroidales/Bacteroidaceae/Bacteroides_B/Bacteroides_B vulgatus	GPD
uvig_255387	63325	NA	NA	NA	GCF_000162195,GCA_003438235,GCA_003471705,GCF_000157075,GCA_003438705,GCA_003463345,GCA_003471775	Bacteroidota/Bacteroidia/Bacteroidales/Bacteroidaceae/Bacteroides_B/Bacteroides_B dorei,Bacteroidota/Bacteroidia/Bacteroidales/Bacteroidaceae/Bacteroides_B/Bacteroides_B vulgatus,Bacteroidota/Bacteroidia/Bacteroidales/Bacteroidaceae/Bacteroides_B/Bacteroides_B vulgatus,Bacteroidota/Bacteroidia/Bacteroidales/Bacteroidaceae/Bacteroides_B/Bacteroides_B dorei,Bacteroidota/Bacteroidia/Bacteroidales/Bacteroidaceae/Bacteroides_B/Bacteroides_B vulgatus,Bacteroidota/Bacteroidia/Bacteroidales/Bacteroidaceae/Bacteroides_B/Bacteroides_B dorei,Bacteroidota/Bacteroidia/Bacteroidales/Bacteroidaceae/Bacteroides_B/Bacteroides_B vulgatus	GPD
uvig_262149	54838	NA	NA	NA	NA	NA	GPD
SRR2175779_119_24066_round347~886236	NA	NA	NA	NA	NA	NA	mMGE
uvig_311460	83843	NA	NA	NA	NA	NA	GPD
k141_358940_round14~1781262	NA	NA	NA	NA	NA	NA	mMGE
SRR8204579_141_93101_round1256~1609738	NA	NA	NA	NA	NA	NA	mMGE
SRR2726047_141_94039_round347~3772334	NA	NA	NA	NA	NA	NA	mMGE
uvig_413775	39559	NA	NA	NA	20287_6#85,GCA_003465695,GCF_000162195,GCA_003463745,GCA_003438235,20287_6#82,GCA_003475135,GCA_003438705,21673_4#79,GCA_003473265,21673_4#11,21673_4#15	Bacteroidota/Bacteroidia/Bacteroidales/Bacteroidaceae/Bacteroides_B/Bacteroides_B vulgatus,Bacteroidota/Bacteroidia/Bacteroidales/Bacteroidaceae/Bacteroides_B/Bacteroides_B vulgatus,Bacteroidota/Bacteroidia/Bacteroidales/Bacteroidaceae/Bacteroides_B/Bacteroides_B dorei,Bacteroidota/Bacteroidia/Bacteroidales/Bacteroidaceae/Bacteroides_B/Bacteroides_B vulgatus,Bacteroidota/Bacteroidia/Bacteroidales/Bacteroidaceae/Bacteroides_B/Bacteroides_B vulgatus,Bacteroidota/Bacteroidia/Bacteroidales/Bacteroidaceae/Bacteroides_B/Bacteroides_B vulgatus,Bacteroidota/Bacteroidia/Bacteroidales/Bacteroidaceae/Bacteroides_B/Bacteroides_B vulgatus,Bacteroidota/Bacteroidia/Bacteroidales/Bacteroidaceae/Bacteroides_B/Bacteroides_B vulgatus,Bacteroidota/Bacteroidia/Bacteroidales/Bacteroidaceae/Bacteroides_B/Bacteroides_B vulgatus,Bacteroidota/Bacteroidia/Bacteroidales/Bacteroidaceae/Bacteroides_B/Bacteroides_B vulgatus,Bacteroidota/Bacteroidia/Bacteroidales/Bacteroidaceae/Bacteroides_B/Bacteroides_B vulgatus,Bacteroidota/Bacteroidia/Bacteroidales/Bacteroidaceae/Bacteroides_B/Bacteroides_B vulgatus	GPD
ERR1190777_119_27083_round8-12~2924543	NA	NA	NA	NA	NA	NA	mMGE
uvig_332742	30536	NA	NA	NA	GCA_003458265,GCA_003437875,GCA_003458385,GCA_003471285,GCA_003468345,GCA_003471705,GCA_003469225,GCA_003471225,GCF_000158515,14207_7#67,GCF_000186105,GCA_003473265,GCA_003469525	Bacteroidota/Bacteroidia/Bacteroidales/Bacteroidaceae/Bacteroides_B/Bacteroides_B vulgatus,Bacteroidota/Bacteroidia/Bacteroidales/Bacteroidaceae/Bacteroides_B/Bacteroides_B vulgatus,Bacteroidota/Bacteroidia/Bacteroidales/Bacteroidaceae/Bacteroides_B/Bacteroides_B vulgatus,Bacteroidota/Bacteroidia/Bacteroidales/Bacteroidaceae/Bacteroides_B/Bacteroides_B vulgatus,Bacteroidota/Bacteroidia/Bacteroidales/Bacteroidaceae/Bacteroides_B/Bacteroides_B vulgatus,Bacteroidota/Bacteroidia/Bacteroidales/Bacteroidaceae/Bacteroides_B/Bacteroides_B vulgatus,Bacteroidota/Bacteroidia/Bacteroidales/Bacteroidaceae/Bacteroides_B/Bacteroides_B vulgatus,Bacteroidota/Bacteroidia/Bacteroidales/Bacteroidaceae/Bacteroides_B/Bacteroides_B vulgatus,Bacteroidota/Bacteroidia/Bacteroidales/Bacteroidaceae/Bacteroides_B/Bacteroides_B vulgatus,Bacteroidota/Bacteroidia/Bacteroidales/Bacteroidaceae/Bacteroides_B/Bacteroides_B vulgatus,Bacteroidota/Bacteroidia/Bacteroidales/Bacteroidaceae/Bacteroides_B/Bacteroides_B vulgatus,Bacteroidota/Bacteroidia/Bacteroidales/Bacteroidaceae/Bacteroides_B/Bacteroides_B vulgatus,Bacteroidota/Bacteroidia/Bacteroidales/Bacteroidaceae/Bacteroides_B/Bacteroides_B vulgatus	GPD
k141_16_round8-12~2021048	NA	NA	NA	NA	NA	NA	mMGE
k141_24145_round13~6789154	NA	NA	NA	NA	NA	NA	mMGE
uvig_570360	104771	NA	NA	NA	GCA_003459715,GCA_003458265,GCA_003438645,GCA_003603775,GCA_003603635,GCF_000158515,GCA_003465765,GCA_003466785,GCA_003469225,GCA_003468485,GCF_000186105,GCA_003475695	Bacteroidota/Bacteroidia/Bacteroidales/Bacteroidaceae/Bacteroides_B/Bacteroides_B vulgatus,Bacteroidota/Bacteroidia/Bacteroidales/Bacteroidaceae/Bacteroides_B/Bacteroides_B vulgatus,Bacteroidota/Bacteroidia/Bacteroidales/Bacteroidaceae/Bacteroides_B/Bacteroides_B vulgatus,Bacteroidota/Bacteroidia/Bacteroidales/Bacteroidaceae/Bacteroides_B/Bacteroides_B vulgatus,Bacteroidota/Bacteroidia/Bacteroidales/Bacteroidaceae/Bacteroides_B/Bacteroides_B vulgatus,Bacteroidota/Bacteroidia/Bacteroidales/Bacteroidaceae/Bacteroides_B/Bacteroides_B vulgatus,Bacteroidota/Bacteroidia/Bacteroidales/Bacteroidaceae/Bacteroides_B/Bacteroides_B vulgatus,Bacteroidota/Bacteroidia/Bacteroidales/Bacteroidaceae/Bacteroides_B/Bacteroides_B vulgatus,Bacteroidota/Bacteroidia/Bacteroidales/Bacteroidaceae/Bacteroides_B/Bacteroides_B vulgatus,Bacteroidota/Bacteroidia/Bacteroidales/Bacteroidaceae/Bacteroides_B/Bacteroides_B vulgatus,Bacteroidota/Bacteroidia/Bacteroidales/Bacteroidaceae/Bacteroides_B/Bacteroides_B vulgatus,Bacteroidota/Bacteroidia/Bacteroidales/Bacteroidaceae/Bacteroides_B/Bacteroides_B vulgatus	GPD
k141_1327_round8-12~3268800	NA	NA	NA	NA	NA	NA	mMGE
SRR9161545_141_4633_round8-12~1372088	NA	NA	NA	NA	NA	NA	mMGE
SRR8240678_141_707_round1256~3531618	NA	NA	NA	NA	NA	NA	mMGE
SRR7495908_141_71714_round1256~365071	NA	NA	NA	NA	NA	NA	mMGE
uvig_284060	49870	NA	NA	NA	NA	NA	GPD
SRR413603_99_5773_round347~2247465	NA	NA	NA	NA	NA	NA	mMGE
uvig_117442	98353	NA	NA	NA	NA	NA	GPD
SRR5866424_119_184766_round347~5118849	NA	NA	NA	NA	NA	NA	mMGE
ERR1190682_119_86325_round8-12~2930810	NA	NA	NA	NA	NA	NA	mMGE
ERR526019_119_82159_round347~130605	NA	NA	NA	NA	NA	NA	mMGE
CP000140.1__4811379__992578__1020475|prophage_in_NCBI_complete_prokaryotic_genomes,phage_finder|MVP_viral_cluster	NA	NA	NA	NA	NA	NA	MVP
SRR2241409_119_40502_round347~3371006	NA	NA	NA	NA	NA	NA	mMGE
k99_37685_round8-12~4426601	NA	NA	NA	NA	NA	NA	mMGE
SRR5818510_141_57915_round347~3532540	NA	NA	NA	NA	NA	NA	mMGE
uvig_120416	39134	NA	NA	NA	GCA_003458265,20287_6#85,GCF_000162195,GCA_003462285,GCA_003471285,GCA_003468345,GCF_000157075,20287_6#82,GCA_003471225,GCA_003475135,GCA_003437415,21673_4#79,21673_4#11,21673_4#15	Bacteroidota/Bacteroidia/Bacteroidales/Bacteroidaceae/Bacteroides_B/Bacteroides_B vulgatus,Bacteroidota/Bacteroidia/Bacteroidales/Bacteroidaceae/Bacteroides_B/Bacteroides_B vulgatus,Bacteroidota/Bacteroidia/Bacteroidales/Bacteroidaceae/Bacteroides_B/Bacteroides_B dorei,Bacteroidota/Bacteroidia/Bacteroidales/Bacteroidaceae/Bacteroides_B/Bacteroides_B massiliensis,Bacteroidota/Bacteroidia/Bacteroidales/Bacteroidaceae/Bacteroides_B/Bacteroides_B vulgatus,Bacteroidota/Bacteroidia/Bacteroidales/Bacteroidaceae/Bacteroides_B/Bacteroides_B vulgatus,Bacteroidota/Bacteroidia/Bacteroidales/Bacteroidaceae/Bacteroides_B/Bacteroides_B dorei,Bacteroidota/Bacteroidia/Bacteroidales/Bacteroidaceae/Bacteroides_B/Bacteroides_B vulgatus,Bacteroidota/Bacteroidia/Bacteroidales/Bacteroidaceae/Bacteroides_B/Bacteroides_B vulgatus,Bacteroidota/Bacteroidia/Bacteroidales/Bacteroidaceae/Bacteroides_B/Bacteroides_B vulgatus,Bacteroidota/Bacteroidia/Bacteroidales/Bacteroidaceae/Bacteroides_B/Bacteroides_B vulgatus,Bacteroidota/Bacteroidia/Bacteroidales/Bacteroidaceae/Bacteroides_B/Bacteroides_B vulgatus,Bacteroidota/Bacteroidia/Bacteroidales/Bacteroidaceae/Bacteroides_B/Bacteroides_B vulgatus,Bacteroidota/Bacteroidia/Bacteroidales/Bacteroidaceae/Bacteroides_B/Bacteroides_B vulgatus	GPD
SRR341681_99_2730_round347~1315263	NA	NA	NA	NA	NA	NA	mMGE
k141_110222_round13~1302202	NA	NA	NA	NA	NA	NA	mMGE
uvig_173750	85514	NA	NA	NA	NA	NA	GPD
SRR5275407_141_31813_round347~4985150	NA	NA	NA	NA	NA	NA	mMGE
SRR10423946_141_546614_round1256~3453121	NA	NA	NA	NA	NA	NA	mMGE
uvig_111371	64565	NA	NA	NA	20287_6#85,GCA_003465765,20287_6#82,21673_4#79,21673_4#11,21673_4#15	Bacteroidota/Bacteroidia/Bacteroidales/Bacteroidaceae/Bacteroides_B/Bacteroides_B vulgatus,Bacteroidota/Bacteroidia/Bacteroidales/Bacteroidaceae/Bacteroides_B/Bacteroides_B vulgatus,Bacteroidota/Bacteroidia/Bacteroidales/Bacteroidaceae/Bacteroides_B/Bacteroides_B vulgatus,Bacteroidota/Bacteroidia/Bacteroidales/Bacteroidaceae/Bacteroides_B/Bacteroides_B vulgatus,Bacteroidota/Bacteroidia/Bacteroidales/Bacteroidaceae/Bacteroides_B/Bacteroides_B vulgatus,Bacteroidota/Bacteroidia/Bacteroidales/Bacteroidaceae/Bacteroides_B/Bacteroides_B vulgatus	GPD
ERR2855860_141_241130_round1256~2034424	NA	NA	NA	NA	NA	NA	mMGE
ERR1190545_119_127797_round8-12~3622515	NA	NA	NA	NA	NA	NA	mMGE
k141_315_round8-12~4277005	NA	NA	NA	NA	NA	NA	mMGE
ERR1398165_141_3892_round347~4339214	NA	NA	NA	NA	NA	NA	mMGE
SRR10121626_141_610022_round1256~2523783	NA	NA	NA	NA	NA	NA	mMGE
k99_11175_round8-12~3386102	NA	NA	NA	NA	NA	NA	mMGE
uvig_285847	51247	NA	NA	NA	GCA_003463745,GCA_003434615,GCA_003467095,GCA_003471705,GCF_000158515,GCA_003435895,GCF_000186105,GCA_003463345,GCA_003473265,GCA_003471775	Bacteroidota/Bacteroidia/Bacteroidales/Bacteroidaceae/Bacteroides_B/Bacteroides_B vulgatus,Bacteroidota/Bacteroidia/Bacteroidales/Bacteroidaceae/Bacteroides_B/Bacteroides_B dorei,Bacteroidota/Bacteroidia/Bacteroidales/Bacteroidaceae/Bacteroides_B/Bacteroides_B vulgatus,Bacteroidota/Bacteroidia/Bacteroidales/Bacteroidaceae/Bacteroides_B/Bacteroides_B vulgatus,Bacteroidota/Bacteroidia/Bacteroidales/Bacteroidaceae/Bacteroides_B/Bacteroides_B vulgatus,Bacteroidota/Bacteroidia/Bacteroidales/Bacteroidaceae/Bacteroides_B/Bacteroides_B massiliensis,Bacteroidota/Bacteroidia/Bacteroidales/Bacteroidaceae/Bacteroides_B/Bacteroides_B vulgatus,Bacteroidota/Bacteroidia/Bacteroidales/Bacteroidaceae/Bacteroides_B/Bacteroides_B dorei,Bacteroidota/Bacteroidia/Bacteroidales/Bacteroidaceae/Bacteroides_B/Bacteroides_B vulgatus,Bacteroidota/Bacteroidia/Bacteroidales/Bacteroidaceae/Bacteroides_B/Bacteroides_B vulgatus	GPD
SRR8240698_141_9836_round1256~2359868	NA	NA	NA	NA	NA	NA	mMGE
ERR1190647_119_18191_round8-12~3694868	NA	NA	NA	NA	NA	NA	mMGE
uvig_99631	14058	NA	NA	NA	GCF_000156075,GCF_000162195,GCA_003434615	Bacteroidota/Bacteroidia/Bacteroidales/Bacteroidaceae/Bacteroides_B/Bacteroides_B dorei,Bacteroidota/Bacteroidia/Bacteroidales/Bacteroidaceae/Bacteroides_B/Bacteroides_B dorei,Bacteroidota/Bacteroidia/Bacteroidales/Bacteroidaceae/Bacteroides_B/Bacteroides_B dorei	GPD
uvig_207781	47714	NA	NA	NA	GCF_000162195,GCA_003466465,GCA_003434615,GCA_003439735,GCF_000157075,GCA_003437935,GCA_003463345,GCA_003471775	Bacteroidota/Bacteroidia/Bacteroidales/Bacteroidaceae/Bacteroides_B/Bacteroides_B dorei,Bacteroidota/Bacteroidia/Bacteroidales/Bacteroidaceae/Bacteroides_B/Bacteroides_B dorei,Bacteroidota/Bacteroidia/Bacteroidales/Bacteroidaceae/Bacteroides_B/Bacteroides_B dorei,Bacteroidota/Bacteroidia/Bacteroidales/Bacteroidaceae/Bacteroides_B/Bacteroides_B dorei,Bacteroidota/Bacteroidia/Bacteroidales/Bacteroidaceae/Bacteroides_B/Bacteroides_B dorei,Bacteroidota/Bacteroidia/Bacteroidales/Bacteroidaceae/Bacteroides_B/Bacteroides_B dorei,Bacteroidota/Bacteroidia/Bacteroidales/Bacteroidaceae/Bacteroides_B/Bacteroides_B dorei,Bacteroidota/Bacteroidia/Bacteroidales/Bacteroidaceae/Bacteroides_B/Bacteroides_B vulgatus	GPD
ERR209671_79_92311_round347~2030394	NA	NA	NA	NA	NA	NA	mMGE
SRR1918908_119_21544_round1256~4323016	NA	NA	NA	NA	NA	NA	mMGE
SRR10479845_141_22174_round347~2464256	NA	NA	NA	NA	NA	NA	mMGE
k119_35713_round14~2662005	NA	NA	NA	NA	NA	NA	mMGE
k141_80895_round13~7622902	NA	NA	NA	NA	NA	NA	mMGE
k141_6102_round8-12~3108866	NA	NA	NA	NA	NA	NA	mMGE
ERR2855855_141_164614_round1256~1482438	NA	NA	NA	NA	NA	NA	mMGE
SRR5818538_141_120380_round347~3153910	NA	NA	NA	NA	NA	NA	mMGE
ERR1190770_119_142266_round8-12~3536442	NA	NA	NA	NA	NA	NA	mMGE
uvig_219276	10205	NA	NA	NA	GCF_000156075,GCA_003463745,GCA_003470745	Bacteroidota/Bacteroidia/Bacteroidales/Bacteroidaceae/Bacteroides_B/Bacteroides_B dorei,Bacteroidota/Bacteroidia/Bacteroidales/Bacteroidaceae/Bacteroides_B/Bacteroides_B vulgatus,Bacteroidota/Bacteroidia/Bacteroidales/Bacteroidaceae/Bacteroides_B/Bacteroides_B vulgatus	GPD
SRR8387654_119_45242_round1256~846999	NA	NA	NA	NA	NA	NA	mMGE
SRR8240729_141_24264_round1256~5683598	NA	NA	NA	NA	NA	NA	mMGE
uvig_320643	13207	NA	NA	NA	GCA_003437415,GCF_000158335	Bacteroidota/Bacteroidia/Bacteroidales/Bacteroidaceae/Bacteroides_B/Bacteroides_B vulgatus,Bacteroidota/Bacteroidia/Bacteroidales/Bacteroidaceae/Bacteroides_B/Bacteroides_B dorei	GPD
SRR5431255_141_87246_round347~1239420	NA	NA	NA	NA	NA	NA	mMGE
SRR3116176_119_3066_round8-12~1451132	NA	NA	NA	NA	NA	NA	mMGE
ERR525796_119_28539_round347~3986666	NA	NA	NA	NA	NA	NA	mMGE
SRR5650160_119_26868_round347~2598085	NA	NA	NA	NA	NA	NA	mMGE
k141_27949_round13~6173275	NA	NA	NA	NA	NA	NA	mMGE
uvig_418494	58277	NA	NA	NA	GCA_003458265,GCA_003468485,GCA_003470745,GCA_003439605,GCA_003459715,GCA_003438645,GCA_003437875,GCF_000186105,GCA_003463885,GCA_003467565,GCA_003471775,GCA_003439595,GCA_003458385,GCA_003603635,GCA_003463745,GCA_003466785,GCA_003475135,GCF_000158515,GCA_003469525,GCA_003475695,GCA_003467095,GCA_003473265	Bacteroidota/Bacteroidia/Bacteroidales/Bacteroidaceae/Bacteroides_B/Bacteroides_B vulgatus,Bacteroidota/Bacteroidia/Bacteroidales/Bacteroidaceae/Bacteroides_B/Bacteroides_B vulgatus,Bacteroidota/Bacteroidia/Bacteroidales/Bacteroidaceae/Bacteroides_B/Bacteroides_B vulgatus,Bacteroidota/Bacteroidia/Bacteroidales/Bacteroidaceae/Bacteroides_B/Bacteroides_B vulgatus,Bacteroidota/Bacteroidia/Bacteroidales/Bacteroidaceae/Bacteroides_B/Bacteroides_B vulgatus,Bacteroidota/Bacteroidia/Bacteroidales/Bacteroidaceae/Bacteroides_B/Bacteroides_B vulgatus,Bacteroidota/Bacteroidia/Bacteroidales/Bacteroidaceae/Bacteroides_B/Bacteroides_B vulgatus,Bacteroidota/Bacteroidia/Bacteroidales/Bacteroidaceae/Bacteroides_B/Bacteroides_B vulgatus,Bacteroidota/Bacteroidia/Bacteroidales/Bacteroidaceae/Bacteroides_B/Bacteroides_B vulgatus,Bacteroidota/Bacteroidia/Bacteroidales/Bacteroidaceae/Bacteroides_B/Bacteroides_B vulgatus,Bacteroidota/Bacteroidia/Bacteroidales/Bacteroidaceae/Bacteroides_B/Bacteroides_B vulgatus,Bacteroidota/Bacteroidia/Bacteroidales/Bacteroidaceae/Bacteroides_B/Bacteroides_B vulgatus,Bacteroidota/Bacteroidia/Bacteroidales/Bacteroidaceae/Bacteroides_B/Bacteroides_B vulgatus,Bacteroidota/Bacteroidia/Bacteroidales/Bacteroidaceae/Bacteroides_B/Bacteroides_B vulgatus,Bacteroidota/Bacteroidia/Bacteroidales/Bacteroidaceae/Bacteroides_B/Bacteroides_B vulgatus,Bacteroidota/Bacteroidia/Bacteroidales/Bacteroidaceae/Bacteroides_B/Bacteroides_B vulgatus,Bacteroidota/Bacteroidia/Bacteroidales/Bacteroidaceae/Bacteroides_B/Bacteroides_B vulgatus,Bacteroidota/Bacteroidia/Bacteroidales/Bacteroidaceae/Bacteroides_B/Bacteroides_B vulgatus,Bacteroidota/Bacteroidia/Bacteroidales/Bacteroidaceae/Bacteroides_B/Bacteroides_B vulgatus,Bacteroidota/Bacteroidia/Bacteroidales/Bacteroidaceae/Bacteroides_B/Bacteroides_B vulgatus,Bacteroidota/Bacteroidia/Bacteroidales/Bacteroidaceae/Bacteroides_B/Bacteroides_B vulgatus,Bacteroidota/Bacteroidia/Bacteroidales/Bacteroidaceae/Bacteroides_B/Bacteroides_B vulgatus	GPD
SRR5279261_119_77455_round347~1474111	NA	NA	NA	NA	NA	NA	mMGE
uvig_93704	72854	NA	NA	NA	NA	NA	GPD
SRR10479826_141_15177_round347~5036784	NA	NA	NA	NA	NA	NA	mMGE
uvig_573294	36976	NA	NA	NA	NA	NA	GPD
DRR127672_141_23097_round13~9135967	NA	NA	NA	NA	NA	NA	mMGE
SRR2041958_141_239_round8-12~2883291	NA	NA	NA	NA	NA	NA	mMGE
SRR6474275_119_69592_round347~3229930	NA	NA	NA	NA	NA	NA	mMGE
k141_798_round8-12~2257460	NA	NA	NA	NA	NA	NA	mMGE
uvig_510634	10196	NA	NA	NA	GCA_003473265	Bacteroidota/Bacteroidia/Bacteroidales/Bacteroidaceae/Bacteroides_B/Bacteroides_B vulgatus	GPD
ERR2855943_141_22884_round1256~3742094	NA	NA	NA	NA	NA	NA	mMGE
k141_29578_round13~8016603	NA	NA	NA	NA	NA	NA	mMGE
SRR10479828_141_101995_round347~2987160	NA	NA	NA	NA	NA	NA	mMGE
SRR10423903_141_95333_round1256~1913490	NA	NA	NA	NA	NA	NA	mMGE
k141_54263_round13~7081489	NA	NA	NA	NA	NA	NA	mMGE
uvig_373755	11080	NA	NA	NA	NA	NA	GPD
SRR7495914_141_9846_round1256~4663034	NA	NA	NA	NA	NA	NA	mMGE
uvig_272723	48216	NA	NA	NA	20287_6#85,GCA_003465695,21673_4#79,GCA_003471285,GCA_003463745,GCA_003434615,GCA_003465765,GCA_003468345,20287_6#82,GCA_003471225,GCA_003475135,14207_7#67,GCF_000186105,21673_4#11,21673_4#15	Bacteroidota/Bacteroidia/Bacteroidales/Bacteroidaceae/Bacteroides_B/Bacteroides_B vulgatus,Bacteroidota/Bacteroidia/Bacteroidales/Bacteroidaceae/Bacteroides_B/Bacteroides_B vulgatus,Bacteroidota/Bacteroidia/Bacteroidales/Bacteroidaceae/Bacteroides_B/Bacteroides_B vulgatus,Bacteroidota/Bacteroidia/Bacteroidales/Bacteroidaceae/Bacteroides_B/Bacteroides_B vulgatus,Bacteroidota/Bacteroidia/Bacteroidales/Bacteroidaceae/Bacteroides_B/Bacteroides_B vulgatus,Bacteroidota/Bacteroidia/Bacteroidales/Bacteroidaceae/Bacteroides_B/Bacteroides_B dorei,Bacteroidota/Bacteroidia/Bacteroidales/Bacteroidaceae/Bacteroides_B/Bacteroides_B vulgatus,Bacteroidota/Bacteroidia/Bacteroidales/Bacteroidaceae/Bacteroides_B/Bacteroides_B vulgatus,Bacteroidota/Bacteroidia/Bacteroidales/Bacteroidaceae/Bacteroides_B/Bacteroides_B vulgatus,Bacteroidota/Bacteroidia/Bacteroidales/Bacteroidaceae/Bacteroides_B/Bacteroides_B vulgatus,Bacteroidota/Bacteroidia/Bacteroidales/Bacteroidaceae/Bacteroides_B/Bacteroides_B vulgatus,Bacteroidota/Bacteroidia/Bacteroidales/Bacteroidaceae/Bacteroides_B/Bacteroides_B vulgatus,Bacteroidota/Bacteroidia/Bacteroidales/Bacteroidaceae/Bacteroides_B/Bacteroides_B vulgatus,Bacteroidota/Bacteroidia/Bacteroidales/Bacteroidaceae/Bacteroides_B/Bacteroides_B vulgatus,Bacteroidota/Bacteroidia/Bacteroidales/Bacteroidaceae/Bacteroides_B/Bacteroides_B vulgatus	GPD
uvig_33103	56071	NA	NA	NA	GCA_003435895	Bacteroidota/Bacteroidia/Bacteroidales/Bacteroidaceae/Bacteroides_B/Bacteroides_B massiliensis	GPD
k119_50617_round347~2398885	NA	NA	NA	NA	NA	NA	mMGE
uvig_514831	34347	NA	NA	NA	GCA_003437415,GCA_003465765,GCA_003473265	Bacteroidota/Bacteroidia/Bacteroidales/Bacteroidaceae/Bacteroides_B/Bacteroides_B vulgatus,Bacteroidota/Bacteroidia/Bacteroidales/Bacteroidaceae/Bacteroides_B/Bacteroides_B vulgatus,Bacteroidota/Bacteroidia/Bacteroidales/Bacteroidaceae/Bacteroides_B/Bacteroides_B vulgatus	GPD
k141_553_round8-12~701942	NA	NA	NA	NA	NA	NA	mMGE
ERR2855802_141_215030_round1256~2516797	NA	NA	NA	NA	NA	NA	mMGE
SRR5947918_99_9286_round347~2460218	NA	NA	NA	NA	NA	NA	mMGE
SRR5818534_141_40575_round347~3942336	NA	NA	NA	NA	NA	NA	mMGE
k119_21004_round1256~113641	NA	NA	NA	NA	NA	NA	mMGE
uvig_398608	31576	NA	NA	NA	GCA_003458385	Bacteroidota/Bacteroidia/Bacteroidales/Bacteroidaceae/Bacteroides_B/Bacteroides_B vulgatus	GPD
ERR1190643_119_27041_round8-12~4487868	NA	NA	NA	NA	NA	NA	mMGE
SRR10479815_141_134989_round347~1003955	NA	NA	NA	NA	NA	NA	mMGE
k99_147574_round1256~1322718	NA	NA	NA	NA	NA	NA	mMGE
uvig_126571	33499	NA	NA	NA	GCF_000158335,GCA_003463745,GCA_003471705,GCA_003475135,GCA_003473265	Bacteroidota/Bacteroidia/Bacteroidales/Bacteroidaceae/Bacteroides_B/Bacteroides_B dorei,Bacteroidota/Bacteroidia/Bacteroidales/Bacteroidaceae/Bacteroides_B/Bacteroides_B vulgatus,Bacteroidota/Bacteroidia/Bacteroidales/Bacteroidaceae/Bacteroides_B/Bacteroides_B vulgatus,Bacteroidota/Bacteroidia/Bacteroidales/Bacteroidaceae/Bacteroides_B/Bacteroides_B vulgatus,Bacteroidota/Bacteroidia/Bacteroidales/Bacteroidaceae/Bacteroides_B/Bacteroides_B vulgatus	GPD
uvig_568287	119423	NA	NA	NA	12718_7#33,GCA_003466785	Bacteroidota/Bacteroidia/Bacteroidales/Barnesiellaceae/Barnesiella/Barnesiella intestinihominis,Bacteroidota/Bacteroidia/Bacteroidales/Bacteroidaceae/Bacteroides_B/Bacteroides_B vulgatus	GPD
uvig_595983	31631	NA	NA	NA	NA	NA	GPD
k141_259_round8-12~1635702	NA	NA	NA	NA	NA	NA	mMGE
k141_2932_round347~136327	NA	NA	NA	NA	NA	NA	mMGE
SRR8490404_141_75185_round8-12~2270860	NA	NA	NA	NA	NA	NA	mMGE
uvig_135225	27463	NA	NA	NA	GCA_003458385	Bacteroidota/Bacteroidia/Bacteroidales/Bacteroidaceae/Bacteroides_B/Bacteroides_B vulgatus	GPD
SRR5279271_119_39792_round347~2840963	NA	NA	NA	NA	NA	NA	mMGE
k141_273_round8-12~4003483	NA	NA	NA	NA	NA	NA	mMGE
uvig_521433	17486	NA	NA	NA	20287_6#53,21673_4#1,20287_6#83	Bacteroidota/Bacteroidia/Bacteroidales/Bacteroidaceae/Bacteroides/Bacteroides thetaiotaomicron,Bacteroidota/Bacteroidia/Bacteroidales/Bacteroidaceae/Bacteroides/Bacteroides thetaiotaomicron,Bacteroidota/Bacteroidia/Bacteroidales/Bacteroidaceae/Bacteroides/Bacteroides thetaiotaomicron	GPD
k119_3193_round347~3208632	NA	NA	NA	NA	NA	NA	mMGE
SRR1980393_119_8976_round1256~3793252	NA	NA	NA	NA	NA	NA	mMGE
k119_24592_round8-12~785130	NA	NA	NA	NA	NA	NA	mMGE
SRR7285957_141_19215_round1256~2235048	NA	NA	NA	NA	NA	NA	mMGE
k141_248327_round14~3380238	NA	NA	NA	NA	NA	NA	mMGE
SRR7285957_141_3654_round1256~555211	NA	NA	NA	NA	NA	NA	mMGE
k99_156458_round1256~5493128	NA	NA	NA	NA	NA	NA	mMGE
k141_37678_round1256~3546673	NA	NA	NA	NA	NA	NA	mMGE
k99_87526_round8-12~1938808	NA	NA	NA	NA	NA	NA	mMGE
k141_549357_round14~3375532	NA	NA	NA	NA	NA	NA	mMGE
SRR2566039_141_34849_round8-12~321763	NA	NA	NA	NA	NA	NA	mMGE
uvig_267579	96369	NA	NA	NA	GCA_003437415	Bacteroidota/Bacteroidia/Bacteroidales/Bacteroidaceae/Bacteroides_B/Bacteroides_B vulgatus	GPD
DRR171629_141_98729_round13~9522551	NA	NA	NA	NA	NA	NA	mMGE
SRR5106275_141_76370_round347~4850033	NA	NA	NA	NA	NA	NA	mMGE
k119_31039_round14~2497464	NA	NA	NA	NA	NA	NA	mMGE
k141_94_round8-12~4075127	NA	NA	NA	NA	NA	NA	mMGE
k141_53499_round8-12~1411883	NA	NA	NA	NA	NA	NA	mMGE
ERR525991_119_9059_round347~2941848	NA	NA	NA	NA	NA	NA	mMGE
k141_83540_round13~6684613	NA	NA	NA	NA	NA	NA	mMGE
ERR732912_119_89697_round8-12~61559							
ERR2641661_141_54395_round8-12~3874774							
SRR8506058_141_191323_round8-12~1359180							
SRR5831609_141_76214_round347~3355038							
NC_015166.1							
SRR2175778_119_14631_round347~4360290							
NZ_CP018939.1							
SRR413633_99_15552_round347~3069888							
